,ClgName,Branch,GOPENS,GSCS,GSTS,GNT1S,GOBCS,LOPENS,LOBCS,PWDOPENS
0,"Government College of Engineering, Amravati",Civil Engineering,15776,17165,49645,21718,16685,9318,16120,
2,"Government College of Engineering, Amravati",Electronics and Telecommunication Engg,9087,13812,47845,10529,10401,10835,13745,
4,"Sant Gadge Baba Amravati University,Amravati",Food Technology,61213,40902,79193,36588,,,,
6,"Sant Gadge Baba Amravati University,Amravati",Oil and Paints Technology,47089,,,,,,,
8,"Sant Gadge Baba Amravati University,Amravati",Paper and Pulp Technology,72318,82778,,,,,,
10,"Sant Gadge Baba Amravati University,Amravati",Petro Chemical Engineering,43215,77528,,44902,72356,,,
12,"Government College of Engineering,Yavatmal",Civil Engineering,41918,58935,45195,54740,47051,37418,37872,
14,"Government College of Engineering,Yavatmal",Computer Engineering,23844,33985,29732,45223,32474,87209,,
16,"Government College of Engineering,Yavatmal",Electrical Engineering,48726,50583,,57378,53347,67324,46910,49837
18,"Government College of Engineering,Yavatmal",Electronics and Telecommunication Engg,48468,,52754,40725,68345,48889,,
20,"Government College of Engineering,Yavatmal",Mechanical Engineering,45534,82731,,65013,61795,,,
22,"Shri Sant Gajanan Maharaj College of Engineering,Shegaon",Computer Science and Engineering,14085,59586,45350,14136,,,,
24,"Shri Sant Gajanan Maharaj College of Engineering,Shegaon",Information Technology,19257,20996,,20332,30729,,,
26,"Shri Sant Gajanan Maharaj College of Engineering,Shegaon",Electrical Engg[Electronics and Power],39917,,53313,43042,,,,
28,"Shri Sant Gajanan Maharaj College of Engineering,Shegaon",Electronics and Telecommunication Engg,32571,35863,57175,37096,70351,,,
30,"Shri Sant Gajanan Maharaj College of Engineering,Shegaon",Mechanical Engineering,47597,71888,,47779,,,,
32,"Prof. Ram Meghe Institute of Technology & Research, Amravati",Civil Engineering,57041,59839,,59716,,72953,,79541
34,"Prof. Ram Meghe Institute of Technology & Research, Amravati",Civil Engineering,86464,30740,,,,,,
36,"Prof. Ram Meghe Institute of Technology & Research, Amravati",Computer Science and Engineering,21248,32916,,52185,,25219,27606,33345
38,"Prof. Ram Meghe Institute of Technology & Research, Amravati",Computer Science and Engineering,24696,35792,,,28011,51934,,
40,"Prof. Ram Meghe Institute of Technology & Research, Amravati",Information Technology,38058,43096,,42416,41262,,51705,
42,"Prof. Ram Meghe Institute of Technology & Research, Amravati",Electronics and Telecommunication Engg,78405,82364,88496,62070,,72205,,
44,"Prof. Ram Meghe Institute of Technology & Research, Amravati",Mechanical Engineering,81513,,,,,,,
46,"P. R. Pote (Patil) Education & Welfare Trust's Group of Institution(Integrated Campus), Amravati",Civil Engineering,69137,86506,72864,,,,,
48,"P. R. Pote (Patil) Education & Welfare Trust's Group of Institution(Integrated Campus), Amravati",Computer Science and Engineering,43652,66797,88170,71787,46894,,43039,61707
50,"P. R. Pote (Patil) Education & Welfare Trust's Group of Institution(Integrated Campus), Amravati",Electrical Engineering,72879,,82143,85621,,70920,,
52,"P. R. Pote (Patil) Education & Welfare Trust's Group of Institution(Integrated Campus), Amravati",Electronics and Telecommunication Engg,75646,,,,61913,,,
54,"P. R. Pote (Patil) Education & Welfare Trust's Group of Institution(Integrated Campus), Amravati",Mechanical Engineering,62383,87557,72561,78915,68710,,,
56,"Sipna Shikshan Prasarak Mandal College of Engineering & Technology, Amravati",Civil Engineering,63122,81177,,,46643,81589,,69715
58,"Sipna Shikshan Prasarak Mandal College of Engineering & Technology, Amravati",Computer Science and Engineering,32860,47305,,43526,25611,26568,,26084
60,"Sipna Shikshan Prasarak Mandal College of Engineering & Technology, Amravati",Information Technology,50430,58380,,63713,57813,43193,,
62,"Sipna Shikshan Prasarak Mandal College of Engineering & Technology, Amravati",Electronics and Telecommunication Engg,67470,,84141,63307,,,,
64,"Sipna Shikshan Prasarak Mandal College of Engineering & Technology, Amravati",Mechanical Engineering,73916,82500,78695,,,,,
66,"Shri Shivaji Education Society's College of Engineering and Technology, Akola",Computer Science and Engineering,86718,,,,,,,
68,"Janata Shikshan Prasarak Mandal’s Babasaheb Naik College Of Engineering, Pusad",Civil Engineering,80497,82881,,,63234,83791,,72556
70,"Janata Shikshan Prasarak Mandal’s Babasaheb Naik College Of Engineering, Pusad",Artificial Intelligence and Data Science,80394,,,,,,,
72,"Paramhansa Ramkrishna Maunibaba Shikshan Santha's , Anuradha Engineering College, Chikhali",Computer Science and Engineering,70763,,,,,,,
74,"Paramhansa Ramkrishna Maunibaba Shikshan Santha's , Anuradha Engineering College, Chikhali",Information Technology,72970,79442,,,,,,
76,"Jawaharlal Darda Institute of Engineering and Technology, Yavatmal",Electrical Engineering,81469,74593,,,,,,
78,"Jawaharlal Darda Institute of Engineering and Technology, Yavatmal",Textile Engineering / Technology,60266,88005,,,,,,
80,"Shri Hanuman Vyayam  Prasarak Mandals College of Engineering & Technology, Amravati",Computer Science and Engineering,83090,,79250,81899,,,,
82,"Shri Hanuman Vyayam  Prasarak Mandals College of Engineering & Technology, Amravati",Information Technology,71641,83365,74633,,,,,
84,"Shri Hanuman Vyayam  Prasarak Mandals College of Engineering & Technology, Amravati",Electronics and Telecommunication Engg,55854,73757,,,,,,
86,"Dr.Rajendra Gode Institute of Technology & Research, Amravati",Civil Engineering,85380,76702,,,,,,
88,"Dr.Rajendra Gode Institute of Technology & Research, Amravati",Electronics and Telecommunication Engg,52704,49629,,,,,,
90,"Shri. Dadasaheb Gawai Charitable Trust's Dr. Smt. Kamaltai Gawai Institute of Engineering & Technology, Darapur, Amravati",Computer Science and Engineering,74678,46812,,,,,,
92,"Jagadambha Bahuuddeshiya Gramin Vikas Sanstha's Jagdambha College of Engineering and Technology, Yavatmal",Civil Engineering,74275,,,,,,,
94,"Jagadambha Bahuuddeshiya Gramin Vikas Sanstha's Jagdambha College of Engineering and Technology, Yavatmal",Computer Engineering,85663,,,,,,,
96,"Jagadambha Bahuuddeshiya Gramin Vikas Sanstha's Jagdambha College of Engineering and Technology, Yavatmal",Electronics and Telecommunication Engg,83501,74775,,,,,,
98,"Prof Ram Meghe College of Engineering  and Management, Badnera",Civil Engineering,49884,58783,,59607,59719,,,
100,"Prof Ram Meghe College of Engineering  and Management, Badnera",Computer Science and Engineering,71040,76653,73981,71218,62104,,,65936
102,"Prof Ram Meghe College of Engineering  and Management, Badnera",Information Technology,88192,88322,,,81623,,,
104,"Sanmati Engineering College, Sawargaon Barde, Washim",Civil Engineering,72712,,,,,,,
106,"Mauli Group of Institutions, College of Engineering and Technology, Shegaon.",Civil Engineering,87259,74904,71352,,,,,
108,"Mauli Group of Institutions, College of Engineering and Technology, Shegaon.",Computer Science and Engineering,77358,74355,,,,,,
110,"Government College of Engineering,  Aurangabad",Civil Engineering,76193,70943,76027,,,,,
112,"Shri Guru Gobind Singhji Institute of Engineering and Technology, Nanded",Electronics and Telecommunication Engg,83041,83422,,,,,,
114,"Shri Guru Gobind Singhji Institute of Engineering and Technology, Nanded",Production Engineering,65453,82688,,79964,40448,,,
116,"University Department of Chemical Technology, Aurangabad",Food Technology,88411,,,,,,,
118,"Shree Yash Pratishthan, Shreeyash College of Engineering and Technology, Aurangabad",Civil Engineering,81592,77969,,,,,,
120,"Shree Yash Pratishthan, Shreeyash College of Engineering and Technology, Aurangabad",Computer Science and Engineering,48802,61352,,52677,53873,41866,,58165
122,"Shree Yash Pratishthan, Shreeyash College of Engineering and Technology, Aurangabad",Electrical Engineering,61984,64882,,,64537,64530,67000,
124,"G. S. Mandal's Maharashtra Institute of Technology, Aurangabad",Agricultural Engineering,86319,77418,,,,,,
126,"G. S. Mandal's Maharashtra Institute of Technology, Aurangabad",Civil Engineering,82088,,,,,,,
128,"G. S. Mandal's Maharashtra Institute of Technology, Aurangabad",Computer Science and Engineering,63924,75568,32770,,,,,
130,"Deogiri Institute of Engineering and Management Studies, Aurangabad",Civil Engineering,83851,,,,,,,
132,"Deogiri Institute of Engineering and Management Studies, Aurangabad",Computer Science and Engineering,74887,,,,,,,
134,"Deogiri Institute of Engineering and Management Studies, Aurangabad",Electronics and Telecommunication Engg,86949,,,,,,,
136,"Deogiri Institute of Engineering and Management Studies, Aurangabad",Mechanical Engineering,75481,76423,,,,,,
138,"Deogiri Institute of Engineering and Management Studies, Aurangabad",Computer Science and Engineering(Artificial Intelligence and Machine Learning),51980,65434,,64771,61329,45842,,54335
140,"Matoshri Pratishan's Group of Institutions (Integrated Campus), Kupsarwadi , Nanded",Computer Science and Engineering,68764,87280,,,,,,
142,"Matoshri Pratishan's Group of Institutions (Integrated Campus), Kupsarwadi , Nanded",Electrical Engineering,70484,,,,,,,
144,"Gramodyogik Shikshan Mandal's Marathwada Institute of Technology, Aurangabad",Computer Science and Engineering,75503,59520,,,,,,
146,"Mahatma Gandhi Missions College of Engineering, Hingoli Rd, Nanded.",Civil Engineering,11954,24515,39201,13582,14070,30502,18120,
148,"Mahatma Gandhi Missions College of Engineering, Hingoli Rd, Nanded.",Computer Science and Engineering,9273,17387,74300,9647,13855,9634,10142,64026
150,"Mahatma Gandhi Missions College of Engineering, Hingoli Rd, Nanded.",Information Technology,18167,26006,54101,23897,21441,20888,24012,
152,"Mahatma Gandhi Missions College of Engineering, Hingoli Rd, Nanded.",Electronics and Telecommunication Engg,12572,19748,86339,15415,15176,10326,14317,
154,"Mahatma Gandhi Missions College of Engineering, Hingoli Rd, Nanded.",Mechanical Engineering,35054,46285,,37473,50905,37626,,44082
156,"M.S. Bidve Engineering College, Latur",Civil Engineering,34362,69405,,,,,,
158,"M.S. Bidve Engineering College, Latur",Computer Science and Engineering,65659,,,,,,,
160,"M.S. Bidve Engineering College, Latur",Information Technology,I,86419,,,,,,
162,"M.S. Bidve Engineering College, Latur",Mechanical Engineering,62453,82096,,,,,,
164,"Terna Public Charitable Trust's College of Engineering, Osmanabad",Computer Science and Engineering,71200,84059,,85140,,,,
166,"Mahatma Basaweshwar Education Society's College of Engineering, Ambejogai",Computer Science and Engineering,82061,29056,,,,,,
168,"Peoples Education Society's College of Engineering, Aurangabad",Computer Science and Engineering,84120,,,,,,,
170,"Peoples Education Society's College of Engineering, Aurangabad",Electrical Engineering,73064,82155,,,,,,
172,"Aditya Engineering College , Beed",Computer Engineering,64810,77781,,73784,83026,,,
174,"Matsyodari Shikshan Sansatha's College of Engineering and Technology, Jalna",Computer Science and Engineering,31572,56757,,44289,,71856,,
176,"Aurangabad College of Engineering,  Naygaon Savangi, Aurangabad",Computer Science and Engineering,88419,88439,,,,,,
178,"STMEI's Sandipani Technical Campus-Faculty of Engineering, Latur.",Computer Engineering,73388,57872,,,,,,
180,"CSMSS Chh. Shahu College of Engineering, Aurangabad",Civil Engineering,65891,,,,,,,
182,"CSMSS Chh. Shahu College of Engineering, Aurangabad",Computer Science and Engineering,71226,85507,,,,,,
184,"CSMSS Chh. Shahu College of Engineering, Aurangabad",Electronics and Telecommunication Engg,27206,46839,53506,34544,37625,,,
186,"CSMSS Chh. Shahu College of Engineering, Aurangabad",Artificial Intelligence and Data Science,71074,80308,,,50866,79191,,87921
188,"Veermata Jijabai Technological Institute(VJTI), Matunga, Mumbai",Civil Engineering,78595,59160,,,,,,
190,"Veermata Jijabai Technological Institute(VJTI), Matunga, Mumbai",Electronics and Telecommunication Engg,39322,,44602,38385,46103,,,
192,"Veermata Jijabai Technological Institute(VJTI), Matunga, Mumbai",Textile Technology,69574,,,,,,,
194,"Sardar Patel College of Engineering, Andheri",Civil Engineering,88433,81511,83478,,,,,
196,"Dr. Babasaheb Ambedkar Technological University, Lonere",Civil Engineering,73031,69996,,,,,,
198,"Dr. Babasaheb Ambedkar Technological University, Lonere",Information Technology,82514,,,,,,,
200,"Dr. Babasaheb Ambedkar Technological University, Lonere",Electrical Engineering,50440,66393,,58728,49886,74435,68967,63005
202,"Dr. Babasaheb Ambedkar Technological University, Lonere",Chemical Engineering,63980,,,,,,,
204,"Dr. Babasaheb Ambedkar Technological University, Lonere",Petro Chemical Engineering,83231,48383,,,,,,
206,"Usha Mittal Institute of Technology SNDT  Women's University, Mumbai",Computer Engineering,77790,,,78531,72861,,,
208,"Usha Mittal Institute of Technology SNDT  Women's University, Mumbai",Electronics and Communication Engineering,37422,47339,,84486,34694,,19843,
210,"Institute of Chemical Technology, Matunga, Mumbai",Chemical Engineering,56902,59173,,75954,,64874,,
212,"Institute of Chemical Technology, Matunga, Mumbai",Fibres and Textile Processing Technology,67291,80617,,,,,,
214,"Manjara Charitable Trust's Rajiv Gandhi Institute of Technology, Mumbai",Computer Engineering,67863,59848,,,,,,
216,"Manjara Charitable Trust's Rajiv Gandhi Institute of Technology, Mumbai",Information Technology,27611,43507,85521,,,,,
218,"Manjara Charitable Trust's Rajiv Gandhi Institute of Technology, Mumbai",Electronics and Telecommunication Engg,34884,35680,,,53198,21599,,28322
220,"Manjara Charitable Trust's Rajiv Gandhi Institute of Technology, Mumbai",Mechanical Engineering,54754,,,,,,,
222,"Vidyalankar Institute of Technology,Wadala, Mumbai",Computer Engineering,66303,,,,,,,
224,"Vidyalankar Institute of Technology,Wadala, Mumbai",Information Technology,57808,70611,,,,,,
226,"Vidyalankar Institute of Technology,Wadala, Mumbai",Electronics and Telecommunication Engg,38970,84725,,,,,,
228,"Vidyalankar Institute of Technology,Wadala, Mumbai",Electronics Engineering,71201,,53806,75099.1,,,,
230,"Vidyalankar Institute of Technology,Wadala, Mumbai",Bio Medical Engineering,81667,,,,,,,
232,"Jawahar Education Society's Annasaheb Chudaman Patil College of Engineering,Kharghar, Navi Mumbai",Computer Engineering,49911,,,,,,,
234,"Jawahar Education Society's Annasaheb Chudaman Patil College of Engineering,Kharghar, Navi Mumbai",Information Technology,85955,,,,,,,
236,"Jawahar Education Society's Annasaheb Chudaman Patil College of Engineering,Kharghar, Navi Mumbai",Artificial Intelligence and Data Science,55851,,,65988,31097,58899,,
238,"Mahavir Education Trust's Shah & Anchor Kutchhi Engineering College, Mumbai",Computer Engineering,49772,,,,,,,
240,"Saraswati Education Society's Saraswati College of Engineering,Kharghar Navi Mumbai",Computer Engineering,81522,,,,,,,
242,"Saraswati Education Society's Saraswati College of Engineering,Kharghar Navi Mumbai",Information Technology,79534,,,,,,,
244,"Saraswati Education Society's Saraswati College of Engineering,Kharghar Navi Mumbai",Mechanical Engineering,83548,88511,,84041,87685,,,
246,"Saraswati Education Society's Saraswati College of Engineering,Kharghar Navi Mumbai",Computer Science and Engineering(Data Science),65840,29807,,,,,,
248,"M.G.M.'s College of Engineering and Technology, Kamothe, Navi Mumbai",Civil Engineering,59706.1,,,,,,,
250,"M.G.M.'s College of Engineering and Technology, Kamothe, Navi Mumbai",Computer Engineering,87659,,,,,,,
252,"M.G.M.'s College of Engineering and Technology, Kamothe, Navi Mumbai",Information Technology,80031,,,,,,,
254,"M.G.M.'s College of Engineering and Technology, Kamothe, Navi Mumbai",Electrical Engineering,53689,,,,,,,
256,"M.G.M.'s College of Engineering and Technology, Kamothe, Navi Mumbai",Bio Medical Engineering,72624,,,,,,,
258,"M.G.M.'s College of Engineering and Technology, Kamothe, Navi Mumbai",Chemical Engineering,61090,,,,,,,
260,"Thakur College of Engineering and Technology, Kandivali, Mumbai",Civil Engineering,I,60413,,,,,,
262,"Thakur College of Engineering and Technology, Kandivali, Mumbai",Electronics and Telecommunication Engg,88133,,,,,,,
264,"Thakur College of Engineering and Technology, Kandivali, Mumbai",Artificial Intelligence and Data Science,79151,84064,,,,,,
266,"Thadomal Shahani Engineering College, Bandra, Mumbai",Computer Engineering,83078,,,,,,,
268,"Anjuman-I-Islam's M.H. Saboo Siddik College of Engineering, Byculla, Mumbai",Computer Engineering,66992,,,,,,,
270,"Anjuman-I-Islam's M.H. Saboo Siddik College of Engineering, Byculla, Mumbai",Information Technology,71385,80565,,,,,,
272,"Anjuman-I-Islam's M.H. Saboo Siddik College of Engineering, Byculla, Mumbai",Automobile Engineering,83872,,,,,,,
274,"Anjuman-I-Islam's M.H. Saboo Siddik College of Engineering, Byculla, Mumbai",Mechanical Engineering,75532,78003,,,,,,
276,"Fr. Conceicao Rodrigues College of Engineering, Bandra,Mumbai",Computer Engineering,76786,,,,,,,
278,"Fr. Conceicao Rodrigues College of Engineering, Bandra,Mumbai",Artificial Intelligence and Data Science,88279,,,,,,,
280,"Vivekanand Education Society's Institute of Technology, Chembur, Mumbai",Computer Engineering,55253,76545,,,,,,
282,"Vivekanand Education Society's Institute of Technology, Chembur, Mumbai",Computer Engineering,52766,,,,,,,
284,"Vivekanand Education Society's Institute of Technology, Chembur, Mumbai",Instrumentation Engineering,79481,,,,,,,
286,"N.Y.S.S.'s Datta Meghe College of Engineering, Airoli, Navi Mumbai",Civil Engineering,84724,61471,,,,,,
288,"N.Y.S.S.'s Datta Meghe College of Engineering, Airoli, Navi Mumbai",Computer Engineering,82959,84436,,,,,,
290,"N.Y.S.S.'s Datta Meghe College of Engineering, Airoli, Navi Mumbai",Information Technology,52105,57000,,,67021,69572,58760,
292,"N.Y.S.S.'s Datta Meghe College of Engineering, Airoli, Navi Mumbai",Electronics Engineering,87138,,,,,,,
294,"N.Y.S.S.'s Datta Meghe College of Engineering, Airoli, Navi Mumbai",Chemical Engineering,81264,76375,67834,79262,,,,
296,"Vasantdada Patil Pratishthan's College Of Engineering and Visual Arts, Sion, Mumbai",Computer Engineering,75374,,,,,,,
298,"Vasantdada Patil Pratishthan's College Of Engineering and Visual Arts, Sion, Mumbai",Information Technology,81582,82157,,,,,,
300,"Vasantdada Patil Pratishthan's College Of Engineering and Visual Arts, Sion, Mumbai",Electronics and Telecommunication Engg,69871,75327,,,,,,
302,"Bharati Vidyapeeth College of Engineering,  Navi Mumbai",Computer Engineering,I,81218,,,,,,
304,"Bharati Vidyapeeth College of Engineering,  Navi Mumbai",Information Technology,2659,10861,6288,3763,16415,,3171,
306,"Bharati Vidyapeeth College of Engineering,  Navi Mumbai",Electronics and Telecommunication Engg,464,5272,26694,3408,1100,9456,44113,
308,"Bharati Vidyapeeth College of Engineering,  Navi Mumbai",Instrumentation Engineering,8213,20631,,24161,10648,11142,,
310,"Bharati Vidyapeeth College of Engineering,  Navi Mumbai",Chemical Engineering,5825,15096,39061,7067,6930,7147,9691,
312,"Bharati Vidyapeeth College of Engineering,  Navi Mumbai",Mechanical Engineering,60028,71492,68750,76682,81901.1,58599,,78023
314,"Terna Engineering College, Nerul, Navi Mumbai",Civil Engineering,25942,33467,,37397,40656,30651,53478,
316,"Terna Engineering College, Nerul, Navi Mumbai",Computer Engineering,29053,,,,,,,
318,"Terna Engineering College, Nerul, Navi Mumbai",Computer Engineering,50399,66007,,60926,78192,59515,,
320,"Terna Engineering College, Nerul, Navi Mumbai",Information Technology,80983,,,,,,,
322,"Terna Engineering College, Nerul, Navi Mumbai",Electronics and Telecommunication Engg,20051,47245,,88000,32140,,,21976
324,"Terna Engineering College, Nerul, Navi Mumbai",Mechatronics Engineering,88386,58275,,,,,,
326,"Smt. Indira Gandhi College of Engineering, Navi Mumbai",Computer Engineering,804,7046,9449,1630,10094,65526,58048,6730
328,"Smt. Indira Gandhi College of Engineering, Navi Mumbai",Electrical Engineering,7037,19255,,10664,55349,9601,,
330,"Smt. Indira Gandhi College of Engineering, Navi Mumbai",Computer Science and Engineering(Artificial Intelligence and Machine Learning),8937,14689,11516,11885,17064,48085,,
332,"Smt. Indira Gandhi College of Engineering, Navi Mumbai",Computer Science and Engineering (Internet of Things and Cyber Security Including Block Chain,11989,18907,13603,12637,,,,
334,"Shivajirao S. Jondhale College of Engineering, Dombivali,Mumbai",Computer Engineering,26751,48169,,,43589,27209,,
336,"Shivajirao S. Jondhale College of Engineering, Dombivali,Mumbai",Information Technology,27247,,,,,,,
338,"Vidyavardhini's College of Engineering and Technology, Vasai",Civil Engineering,31811,63581,,44332,,,,
340,"Vidyavardhini's College of Engineering and Technology, Vasai",Computer Engineering,5689,10475,45580,6648,12491,62255,,
342,"Vidyavardhini's College of Engineering and Technology, Vasai",Information Technology,8401,16611,63532,11273,15753,,9653,66445
344,"Vidyavardhini's College of Engineering and Technology, Vasai",Electronics and Telecommunication Engg,19576,36821,,42517,42134,27837,48974,
346,"Vidyavardhini's College of Engineering and Technology, Vasai",Instrumentation Engineering,38095,47411,59047,73133,,58376,,64516
348,"Vidyavardhini's College of Engineering and Technology, Vasai",Mechanical Engineering,47792,52682,,64626,57603,57986,,
350,"Vidyavardhini's College of Engineering and Technology, Vasai",Mechanical Engineering,27795,,47832,41248,34627,35695,39084,
352,"Vidyavardhini's College of Engineering and Technology, Vasai",Computer Science and Engineering(Data Science),34259,43877,77002,64801,36992,39734,47443,
354,"Vidyavardhini's College of Engineering and Technology, Vasai",Artificial Intelligence and Data Science,88064,,,,,,,
356,"Agnel Charities' FR. C. Rodrigues Institute of Technology, Vashi, Navi Mumbai",Electrical Engineering,84636,,,,,,,
358,"Konkan Gyanpeeth College of Engineering, Karjat",Computer Engineering,60085,77782,,,77683,,,
360,"Shri Vile Parle Kelvani Mandal's Dwarkadas J. Sanghvi College of Engineering, Vile Parle,Mumbai",Chemical Engineering,69736,,,,,,,
362,"Hope Foundation and research center's  Finolex Academy of Management and Technology, Ratnagiri",Information Technology,70253,,,,,,,
364,"Hope Foundation and research center's  Finolex Academy of Management and Technology, Ratnagiri",Electrical Engineering,15024,15743,,,,,,
366,"Hope Foundation and research center's  Finolex Academy of Management and Technology, Ratnagiri",Computer Science and Engineering(Artificial Intelligence and Machine Learning),19079,19460,,,,,,
368,"Rizvi Education Society's Rizvi College of Engineering, Bandra,Mumbai",Computer Engineering,39545,39568,,,,,,
370,"Rizvi Education Society's Rizvi College of Engineering, Bandra,Mumbai",Mechanical Engineering,49094,63852,,,,,,
372,Rajendra Mane College of Engineering & Technology  Ambav Deorukh,Computer Engineering,86879,84825,,,,,,
374,"Atharva College of Engineering,Malad(West),Mumbai",Computer Engineering,21855,26900,,,,,,
376,"Atharva College of Engineering,Malad(West),Mumbai",Information Technology,84895,47224,,,,,,
378,"Atharva College of Engineering,Malad(West),Mumbai",Electrical Engineering,22495,35302,,55317,21378,58242,,
380,"Atharva College of Engineering,Malad(West),Mumbai",Electronics and Telecommunication Engg,29471,49382,,65093,28324,51062,,
382,"Atharva College of Engineering,Malad(West),Mumbai",Electronics Engineering,84846,,,,,,,
384,"St. Francis Institute of Technology,Borivali, Mumbai",Computer Engineering,57374,,,,,,,
386,"St. Francis Institute of Technology,Borivali, Mumbai",Electrical Engineering,50816,67657,,79014,77225,,,
388,"S.S.P.M.'s College of Engineering, Kankavli",Computer Engineering,75236,79480,,,,,,
390,"Mahatma Education Society's Pillai College of Engineering, New Panvel",Automobile Engineering,28927,40701,,55749,32558,32785,36079,
392,"Mahatma Education Society's Pillai College of Engineering, New Panvel",Mechanical Engineering,36306,52259,,62455,84818,39268,54141,
394,"Don Bosco Institute of Technology, Mumbai",Mechanical Engineering,80261,,,,,,,
396,"K J Somaiya Institute of Engineering and Information Technology, Sion, Mumbai",Computer Engineering,73160,73194,,49134,,,,
398,"K J Somaiya Institute of Engineering and Information Technology, Sion, Mumbai",Information Technology,74732,80357,,78474,,,,
400,"K J Somaiya Institute of Engineering and Information Technology, Sion, Mumbai",Artificial Intelligence and Data Science,47428,,,,,,,
402,"S.I.E.S. Graduate School of Technology, Nerul, Navi Mumbai",Mechanical Engineering,34314,55198,82735,18151,,,,
404,"WATUMULL INSTITUTE OF ELECTRONICS ENGINEERING & COMPUTER TECHNOLOGY, ULHASNAGAR",Electronics and Telecommunication Engg,17666,17588,75625,14385,,,,
406,"Xavier Institute Of Engineering C/O  Xavier Technical Institute,Mahim,Mumbai",Computer Engineering,9955,9048,19789,,,,,
408,"Bhartiya Vidya Bhavan's Sardar Patel Institute  of Technology , Andheri, Mumbai",Computer Engineering,1988,2957,,,,,,
410,Yadavrao Tasgaonkar College of Engineering & Management,Computer Engineering,3364,3938,,,,,,
412,"Late Shri. Vishnu Waman Thakur Charitable Trust, Viva Institute of Technology, Shirgaon",Computer Engineering,7695,9268,,,,,,
414,"Mahatma Education Society's Pillai HOC College of Engineering & Technology, Tal. Khalapur. Dist. Raigad",Electrical Engineering,12676,,,,,,,
416,"Bharat College of Engineering, Kanhor, Badlapur(W)",Computer Engineering,5108,3811,,,,,,
418,"Karjat,  Mumbai",Computer Engineering,41145,47955,,,,,,
420,"Shree L.R. Tiwari College of Engineering, Mira Road, Mumbai",Electronics and Telecommunication Engg,17688,22040,,,,,,
422,"Shree L.R. Tiwari College of Engineering, Mira Road, Mumbai",Mechanical Engineering,22263,27035,,,,,,
424,"B.R. Harne College of Engineering & Technology, Karav, Tal-Ambernath.",Computer Engineering,56043,60932,,,,,,
426,"Anjuman-I-Islam's Kalsekar Technical Campus, Panvel",Civil Engineering,73984,,,,,,,
428,"Universal College of Engineering,Kaman Dist. Palghar",Artificial Intelligence and Machine Learning,52273,,,,,,,
430,"Ideal Institute of Technology, Wada, Dist.Thane",Computer Engineering,28896,,,,,,,
432,"Vishwaniketan's Institute of Management Entrepreneurship and Engineering Technology(i MEET), Khalapur Dist Raigad",Civil Engineering,5174,4207,,,,,,
434,"Vishwaniketan's Institute of Management Entrepreneurship and Engineering Technology(i MEET), Khalapur Dist Raigad",Computer Science and Engineering(Artificial Intelligence and Machine Learning),12833,27341,,,,,,
436,"New Horizon Institute of Technology & Management, Thane",Computer Engineering,10048,11293,,,,,,
438,"New Horizon Institute of Technology & Management, Thane",Artificial Intelligence and Data Science,8292,8144,,,,,,
440,"A. P. Shah Institute of Technology, Thane",Civil Engineering,1158,3666,,,,,,
442,"A. P. Shah Institute of Technology, Thane",Mechanical Engineering,1935,3675,,,,,,
444,"Chhartrapati Shivaji Maharaj Institute of Technology, Shedung, Panvel",Civil Engineering,3903,3998,,,,,,
446,"Indala College Of Engineering, Bapsai Tal.Kalyan",Computer Engineering,9737,10279,,,,,,
448,"Government College of Engineering, Chandrapur",Civil Engineering,19020,16476,,,,,,
450,"Government College of Engineering, Chandrapur",Computer Science and Engineering,48592,23461,,,,,,
452,"Government College of Engineering, Chandrapur",Electrical Engineering,5010,6486,,,,,,
454,"Laxminarayan Institute of Technology, Nagpur",Chemical Engineering,27993,28050,79848,63613,45485,27683,40946,
456,"Laxminarayan Institute of Technology, Nagpur",Plastic and Polymer Technology,14471,27540,,27343,15475,14005,18900,
458,"Laxminarayan Institute of Technology, Nagpur",Paper and Pulp Technology,22141,46005,,39556,25633,23348,,27083
460,"Laxminarayan Institute of Technology, Nagpur",Oil Technology,47308,78347,,,,,,
462,"Laxminarayan Institute of Technology, Nagpur",Surface Coating Technology,69641,76339,84765,49384,,,,
464,"Government College of Engineering, Nagpur",Civil Engineering,79856,,,,,,,
466,"Government College of Engineering, Nagpur",Computer Science and Engineering,56233,,,,,,,
468,"Government College of Engineering, Nagpur",Electrical Engineering,19858,25256,,23566,30252,,25827,
470,"Government College of Engineering, Nagpur",Electronics and Telecommunication Engg,26030,37893,,,26578,29662,37087,
472,"Government College of Engineering, Nagpur",Mechanical Engineering,54600,,,,66488,,,
474,"Kavi Kulguru Institute of Technology & Science, Ramtek",Information Technology,13978,21951,51003,83610,10799,45477,,
476,"Kavi Kulguru Institute of Technology & Science, Ramtek",Computer Technology,18750,31347,33023,23349,,18050,,
478,"Kavi Kulguru Institute of Technology & Science, Ramtek",Mechanical Engineering,54745,77962,,,,82449,81999,
480,"Shri Ramdeobaba College of Engineering and Management, Nagpur",Information Technology,66038,76554,,,,,,
482,"Shri Ramdeobaba College of Engineering and Management, Nagpur",Electronics Engineering,28122,,,49983,37937,,,
484,"Shri Ramdeobaba College of Engineering and Management, Nagpur",Mechanical Engineering,73487,87201,,79405,,,,
486,"Ankush Shikshan Sanstha's G.H.Raisoni College of Engineering, Nagpur",Civil Engineering,40034,,35464,74883,,,,
488,"Ankush Shikshan Sanstha's G.H.Raisoni College of Engineering, Nagpur",Electronics and Telecommunication Engg,15515,22232,68334,46279,17322,,,
490,"Ankush Shikshan Sanstha's G.H.Raisoni College of Engineering, Nagpur",Artificial Intelligence,17964,,18640,19350,,,,
492,"Bapurao Deshmukh College of Engineering, Sevagram",Computer Engineering,19762,29082,,25181,47085,,,
494,"Lokmanya Tilak Jankalyan Shikshan Sanstha, Priyadarshani College of Engineering, Nagpur",Aeronautical Engineering,51328,78494,,64291,65503,83188,,
496,"Lokmanya Tilak Jankalyan Shikshan Sanstha, Priyadarshani College of Engineering, Nagpur",Civil Engineering,88039,82909,,,,,,
498,"Lokmanya Tilak Jankalyan Shikshan Sanstha, Priyadarshani College of Engineering, Nagpur",Mechanical Engineering,66434,31636,,,,,,
500,"Sanmarg Shikshan Sanstha's Smt. Radhikatai Pandav College of Engineering, Nagpur",Computer Engineering,25887,,27144,31611,,28863,,
502,"Guru Nanak Institute of Engineering & Technology,Kalmeshwar, Nagpur",Computer Science and Engineering,80190,81168,,,,,,
504,"Amar Seva Mandal's Shree Govindrao Vanjari College of Engineering &  Technology, Nagpur",Civil Engineering,60905,76450,,77838,84015,44645,,
506,"Amar Seva Mandal's Shree Govindrao Vanjari College of Engineering &  Technology, Nagpur",Computer Science and Engineering,47685,88532,,,,79028,,
508,"Amar Seva Mandal's Shree Govindrao Vanjari College of Engineering &  Technology, Nagpur",Information Technology,38921,55111,,75432,42503,44732,47101,
510,"Amar Seva Mandal's Shree Govindrao Vanjari College of Engineering &  Technology, Nagpur",Electrical Engineering,40073,,,73944,38713,,49082,
512,"Amar Seva Mandal's Shree Govindrao Vanjari College of Engineering &  Technology, Nagpur",Electronics and Telecommunication Engg,26196,,,,,,,
514,"Amar Seva Mandal's Shree Govindrao Vanjari College of Engineering &  Technology, Nagpur",Mechanical Engineering,52000,,,,,,,
516,"Sir Shantilal Badjate Charitable Trust's S. B. Jain Institute of technology, Management & Research, Nagpur",Electrical Engineering,,40182,53924,,,,,
518,"Sir Shantilal Badjate Charitable Trust's S. B. Jain Institute of technology, Management & Research, Nagpur",Mechanical Engineering,10536,19708,29814,14303,,,,
520,"Jaidev Education Society, J D College of Engineering and Management, Nagpur",Civil Engineering,14429,,29819,19104,31749,,,
522,"Jaidev Education Society, J D College of Engineering and Management, Nagpur",Electronics and Telecommunication Engg,43636,55026,,,59086,46723,,
524,"Samridhi Sarwajanik Charitable Trust, Jhulelal Institute of Technology, Nagpur",Electrical Engineering,64407,,,,,,,
526,"Samridhi Sarwajanik Charitable Trust, Jhulelal Institute of Technology, Nagpur",Mechanical Engineering,37433,78276,,42353,,,,
528,"Ankush Shikshan Sanstha's G. H. Raisoni Institute of Engineering & Technology, Nagpur",Civil Engineering,71190,,,,,,,
530,"Ankush Shikshan Sanstha's G. H. Raisoni Institute of Engineering & Technology, Nagpur",Mechanical Engineering,22398,,,37405,54488,26399,,
532,"Sanmarg Shikshan Sanstha, Mandukarrao Pandav College of Engineering, Bhandara",Civil Engineering,18256,,52218,34387,,,,
534,"Sanmarg Shikshan Sanstha, Mandukarrao Pandav College of Engineering, Bhandara",Computer Engineering,22246,16427,,,,,,
536,"Shri. Sai Shikshan Sanstha, Nagpur Institute of Technology, Nagpur",Civil Engineering,67684,,,,,,,
538,"Shri. Sai Shikshan Sanstha, Nagpur Institute of Technology, Nagpur",Computer Science and Engineering,87850,,,,,,,
540,"Shri. Sai Shikshan Sanstha, Nagpur Institute of Technology, Nagpur",Information Technology,84618,,,,,,,
542,"Shri. Sai Shikshan Sanstha, Nagpur Institute of Technology, Nagpur",Electrical Engineering,31860,,,,,,,
544,"Shri. Sai Shikshan Sanstha, Nagpur Institute of Technology, Nagpur",Mechanical Engineering,40218,45790,,,,,,
546,"Wainganga College of Engineering and Management, Dongargaon, Nagpur",Computer Science and Engineering,38594,55609,,,,,,
548,"Wainganga College of Engineering and Management, Dongargaon, Nagpur",Information Technology,4985,5497,,,,,,
550,"Wainganga College of Engineering and Management, Dongargaon, Nagpur",Artificial Intelligence and Data Science,7018,6284,,,,,,
552,"K.D.K. College of Engineering, Nagpur",Civil Engineering,19088,25127,,,,,,
554,"K.D.K. College of Engineering, Nagpur",Computer Science and Engineering,17576,13546,,,,,,
556,"K.D.K. College of Engineering, Nagpur",Information Technology,13989,41524,,,,,,
558,"K.D.K. College of Engineering, Nagpur",Electrical Engineering,55193,80017,,74138,63107,72718,,
560,"K.D.K. College of Engineering, Nagpur",Electronics and Telecommunication Engg,62354,,,,,,,
562,"K.D.K. College of Engineering, Nagpur",Mechanical Engineering,772,2194,,,,,,
564,"Vidarbha Bahu-Uddeshiya Shikshan Sanstha's Tulshiramji Gaikwad Patil College of Engineering & Technology, Nagpur",Aeronautical Engineering,8495,6448,,,,,,
566,"Vidarbha Bahu-Uddeshiya Shikshan Sanstha's Tulshiramji Gaikwad Patil College of Engineering & Technology, Nagpur",Bio Technology,,,,38492,,,,
568,"Vidarbha Bahu-Uddeshiya Shikshan Sanstha's Tulshiramji Gaikwad Patil College of Engineering & Technology, Nagpur",Civil Engineering,75025,63591,,,,,,
570,"Vidarbha Bahu-Uddeshiya Shikshan Sanstha's Tulshiramji Gaikwad Patil College of Engineering & Technology, Nagpur",Computer Science and Engineering,64163,,,,,,,
572,"Vidarbha Bahu-Uddeshiya Shikshan Sanstha's Tulshiramji Gaikwad Patil College of Engineering & Technology, Nagpur",Information Technology,65218,77151,,,,,,
574,"Vidarbha Bahu-Uddeshiya Shikshan Sanstha's Tulshiramji Gaikwad Patil College of Engineering & Technology, Nagpur",Electrical Engineering,,72546,,,,,,
576,"Vidarbha Bahu-Uddeshiya Shikshan Sanstha's Tulshiramji Gaikwad Patil College of Engineering & Technology, Nagpur",Mechanical Engineering,51717,32704,,,,,,
578,Rajiv Gandhi College of Engineering Research & Technology  Chandrapur,Civil Engineering,13898,16006,,,,,,
580,Rajiv Gandhi College of Engineering Research & Technology  Chandrapur,Computer Science and Engineering,30887,54958,,,,,,
582,Rajiv Gandhi College of Engineering Research & Technology  Chandrapur,Mining Engineering,59634,,,,,,,
584,"Lokmanya Tilak Jankalyan Shikshan Sanstha's , Priyadarshini Institute of Engineering and Technology, Nagpur",Artificial Intelligence and Data Science,46352,35004,,,,,,
586,"Anjuman College of Engineering & Technology, Nagpur",Mechanical Engineering,19630,34769,,,,,,
588,"ST. Vincent Pallotti College of Engineering & Technology, Nagpur",Mechanical Engineering,75273,,82545,82043,,,,
590,"Priyadarshini Bhagwati  College of Engineering, Harpur Nagar, Umred Road,Nagpur",Civil Engineering,10604,86622,26224,22159,13059,16717,20063,
592,"Priyadarshini Bhagwati  College of Engineering, Harpur Nagar, Umred Road,Nagpur",Electronics and Communication Engineering,15510,21791,65094,28770,17109,,,
594,"Priyadarshini Bhagwati  College of Engineering, Harpur Nagar, Umred Road,Nagpur",Mechanical Engineering,53276,87760,73672,,,,,
596,"Lokmanya Tilak Jankalyan Shiksan Sanstha, Priyadarshini Indira Gandhi College of Engineering, Nagpur",Civil Engineering,50445,87892,,,,71524,47920,
598,"Krushi Jivan Vikas Pratishthan, Ballarpur Institute of Technology, Mouza Bamni",Civil Engineering,73778,85804,,,,,,
600,"Maitraya Education Society, Nagarjuna Institute of Engineering Technology & Management, Nagpur",Civil Engineering,7688,8759,,,,,,
602,"Maitraya Education Society, Nagarjuna Institute of Engineering Technology & Management, Nagpur",Computer Science and Engineering,10258,13443,,,,,,
604,"K.D.M. Education Society, Vidharbha Institute of Technology,Umred Road ,Nagpur",Computer Science and Engineering,45769,63787,,,,,,
606,"Vidharbha Bahu uddeshiya Shikshan Sanstha's Abha Gaikwad – Patil College of Engineering, Nagpur",Computer Science and Engineering,31893,29903,,,,,,
608,"Cummins College of Engineering For Women, Sukhali (Gupchup), Tal. Hingna Hingna Nagpur",Computer Engineering,34179,36917,,,,,,
610,"Cummins College of Engineering For Women, Sukhali (Gupchup), Tal. Hingna Hingna Nagpur",Electronics and Telecommunication Engg,58499,,,,,77810,,
612,"Suryodaya College of Engineering & Technology, Nagpur",Civil Engineering,61038,,,,,,,
614,"Suryodaya College of Engineering & Technology, Nagpur",Computer Engineering,12910,7798,,,,,,
616,"Suryodaya College of Engineering & Technology, Nagpur",Electrical Engineering,20450,20000,,,,,,
618,"Suryodaya College of Engineering & Technology, Nagpur",Mechanical Engineering,49774,47114,,,,,,
620,"Bajaj Institute of Technology, Wardha",Mechanical Engineering,58009,,,,,,,
622,"University Institute  of Chemical Technology, North Maharashtra University, Jalgaon",Food Technology,58993,22934,,,,,,
624,"University Institute  of Chemical Technology, North Maharashtra University, Jalgaon",Chemical Engineering,35187,38807,,,,,,
626,"University Institute  of Chemical Technology, North Maharashtra University, Jalgaon",Plastic Technology,9548,9426,,,,,,
628,"University Institute  of Chemical Technology, North Maharashtra University, Jalgaon",Oil Fats and Waxes Technology,12328,12959,,,,,,
630,"Government College of Engineering, Jalgaon",Civil Engineering,55850,68828,,,,,,
632,"Government College of Engineering, Jalgaon",Electronics and Telecommunication Engg,79334,84843,,,,,,
634,"Shri Shivaji Vidya Prasarak Sanstha's Late Bapusaheb Shivaji Rao Deore College of Engineering,Dhule",Civil Engineering,5318,5706,,,,,,
636,"Shri Shivaji Vidya Prasarak Sanstha's Late Bapusaheb Shivaji Rao Deore College of Engineering,Dhule",Computer Engineering,6510,7170,,,,,,
638,"Shri Shivaji Vidya Prasarak Sanstha's Late Bapusaheb Shivaji Rao Deore College of Engineering,Dhule",Electronics and Telecommunication Engg,16879,16714,,,,,,
640,"Shramsadhana Bombay Trust, College of Engineering & Technology, Jalgaon",Computer Engineering,9290,8913,,,,,,
642,"Shramsadhana Bombay Trust, College of Engineering & Technology, Jalgaon",Information Technology,25551,27625,,,,,,
644,"Khandesh College Education Society's College Of Engineering And Management, Jalgaon",Computer Engineering,40833,44788,,,,,,
646,"Khandesh College Education Society's College Of Engineering And Management, Jalgaon",Electronics and Telecommunication Engg,84505,35214,,,,,,
648,"Maratha Vidya Prasarak Samaj's Karmaveer Adv. Baburao Ganpatrao Thakare College Of Engineering, Nashik",Civil Engineering,9368,9092,,,,,,
650,"Maratha Vidya Prasarak Samaj's Karmaveer Adv. Baburao Ganpatrao Thakare College Of Engineering, Nashik",Computer Engineering,13886,12934,,,,,,
652,"Maratha Vidya Prasarak Samaj's Karmaveer Adv. Baburao Ganpatrao Thakare College Of Engineering, Nashik",Information Technology,33095,33793,,,,,,
654,"Maratha Vidya Prasarak Samaj's Karmaveer Adv. Baburao Ganpatrao Thakare College Of Engineering, Nashik",Electronics and Telecommunication Engg,49147,36915,,,,,,
656,"Maratha Vidya Prasarak Samaj's Karmaveer Adv. Baburao Ganpatrao Thakare College Of Engineering, Nashik",Instrumentation and Control Engineering,29428,18513,,,,,,
658,"Maratha Vidya Prasarak Samaj's Karmaveer Adv. Baburao Ganpatrao Thakare College Of Engineering, Nashik",Mechanical Engineering,44167,45880,,,,,,
660,"Sandip Foundation, Sandip Institute of Technology and Research Centre, Mahiravani, Nashik",Civil Engineering,73478,81642,,,,,,
662,"Sandip Foundation, Sandip Institute of Technology and Research Centre, Mahiravani, Nashik",Computer Engineering,9251,10156,,,,,,
664,"Sandip Foundation, Sandip Institute of Technology and Research Centre, Mahiravani, Nashik",Information Technology,10499,10240,,,,,,
666,"Sandip Foundation, Sandip Institute of Technology and Research Centre, Mahiravani, Nashik",Electrical Engineering,24876,26493,,,,,,
668,"Sandip Foundation, Sandip Institute of Technology and Research Centre, Mahiravani, Nashik",Electronics and Telecommunication Engg,258,14277,3503,781,6785,24917,,
670,"K. K. Wagh Institute of Engineering Education and Research, Nashik",Civil Engineering,46713,,,,,,,
672,"K. K. Wagh Institute of Engineering Education and Research, Nashik",Civil Engineering,48596,,,,,,,
674,"K. K. Wagh Institute of Engineering Education and Research, Nashik",Robotics and Automation,34063,87917,,,,,,
676,"K. K. Wagh Institute of Engineering Education and Research, Nashik",Computer Engineering,54082,,,,,,,
678,"K. K. Wagh Institute of Engineering Education and Research, Nashik",Information Technology,35454,,,,,,,
680,"K. K. Wagh Institute of Engineering Education and Research, Nashik",Electrical Engineering,43694,,,,,,,
682,"K. K. Wagh Institute of Engineering Education and Research, Nashik",Electrical Engineering,88351,,,,,,,
684,"K. K. Wagh Institute of Engineering Education and Research, Nashik",Electronics and Telecommunication Engg,47564,46772,,,,,,
686,"K. K. Wagh Institute of Engineering Education and Research, Nashik",Electronics and Telecommunication Engg,83949,,,,,,,
688,"K. K. Wagh Institute of Engineering Education and Research, Nashik",Chemical Engineering,I,56128,,,,,,
690,"K. K. Wagh Institute of Engineering Education and Research, Nashik",Mechanical Engineering,57840,,,,,,,
692,"K. K. Wagh Institute of Engineering Education and Research, Nashik",Mechanical Engineering,69041,,,,,,,
694,"K. K. Wagh Institute of Engineering Education and Research, Nashik",Artificial Intelligence and Data Science,22547,44476,,39679,,,,65560
696,"Jagadamba Education Soc. Nashik's S.N.D. College of Engineering & Reserch, Babulgaon",Computer Engineering,56619,,,,,,,
698,"Jagadamba Education Soc. Nashik's S.N.D. College of Engineering & Reserch, Babulgaon",Information Technology,66301,86282,,,,,,
700,"Pravara Rural Education Society's Sir Visvesvaraya Institute of Technology, Chincholi Dist. Nashik",Computer Engineering,86199,,,,,,,
702,"Pravara Rural Education Society's Sir Visvesvaraya Institute of Technology, Chincholi Dist. Nashik",Information Technology,87379,,,,,,,
704,"Pravara Rural College of Engineering, Loni, Pravaranagar, Ahmednagar.",Civil Engineering,83605,,,,,,,
706,"Pravara Rural College of Engineering, Loni, Pravaranagar, Ahmednagar.",Computer Engineering,35524,33125,,,,,,
708,"Pravara Rural College of Engineering, Loni, Pravaranagar, Ahmednagar.",Information Technology,46317,42953,,,,,,
710,"Pravara Rural College of Engineering, Loni, Pravaranagar, Ahmednagar.",Electronics and Telecommunication Engg,83092,,,,,,,
712,"Pravara Rural College of Engineering, Loni, Pravaranagar, Ahmednagar.",Chemical Engineering,I,64271,,,,,,
714,"MET Bhujbal Knowledge City MET League's Engineering College, Adgaon, Nashik.",Civil Engineering,77396,,,,,,,
716,"MET Bhujbal Knowledge City MET League's Engineering College, Adgaon, Nashik.",Computer Engineering,86772,78545,,,,,,
718,"MET Bhujbal Knowledge City MET League's Engineering College, Adgaon, Nashik.",Information Technology,55649,,,,,,,
720,"MET Bhujbal Knowledge City MET League's Engineering College, Adgaon, Nashik.",Electrical Engineering,69808,,,,,,,
722,"MET Bhujbal Knowledge City MET League's Engineering College, Adgaon, Nashik.",Electronics and Telecommunication Engg,20251,30953,,,,,,
724,"Sanjivani Rural Education Society's Sanjivani College of Engineering, Kopargaon",Civil Engineering,87648,88285,,,,,,
726,"Sanjivani Rural Education Society's Sanjivani College of Engineering, Kopargaon",Electrical Engineering,74958,52334,,,,,,
728,"Sanjivani Rural Education Society's Sanjivani College of Engineering, Kopargaon",Electronics and Computer Engineering,86651,34163,,,,,,
730,"Dr. Vithalrao Vikhe Patil College of Engineering, Ahmednagar",Civil Engineering,86941,41521,50869,,,,,
732,"Dr. Vithalrao Vikhe Patil College of Engineering, Ahmednagar",Information Technology,69556,49405,,,,,,
734,"Dr. Vithalrao Vikhe Patil College of Engineering, Ahmednagar",Electrical Engineering,40120,38018,,,,,,
736,"Amrutvahini Sheti & Shikshan Vikas Sanstha's Amrutvahini College of Engineering, Sangamner",Computer Engineering,65110,,,,,,,
738,"Amrutvahini Sheti & Shikshan Vikas Sanstha's Amrutvahini College of Engineering, Sangamner",Information Technology,78486,,,,,,,
740,"Amrutvahini Sheti & Shikshan Vikas Sanstha's Amrutvahini College of Engineering, Sangamner",Electrical Engineering,73080,,,,,,,
742,"Amrutvahini Sheti & Shikshan Vikas Sanstha's Amrutvahini College of Engineering, Sangamner",Electronics and Telecommunication Engg,84245,,,,,,,
744,"Amrutvahini Sheti & Shikshan Vikas Sanstha's Amrutvahini College of Engineering, Sangamner",Electronics Engineering,40477,46028,,,,,,
746,"Amrutvahini Sheti & Shikshan Vikas Sanstha's Amrutvahini College of Engineering, Sangamner",Mechanical Engineering,47313,76997,,,,,,
748,"P.S.G.V.P. Mandal's D.N. Patel College of Engineering, Shahada, Dist. Nandurbar",Civil Engineering,54545,75483,,,,,,
750,"P.S.G.V.P. Mandal's D.N. Patel College of Engineering, Shahada, Dist. Nandurbar",Electronics and Telecommunication Engg,82416,,,,,,,
752,"Hindi Seva Mandal's Shri Sant Gadgebaba College of Engineering & Technology, Bhusawal",Computer Science and Engineering,83876,,,,,,,
754,"Godavari Foundation's Godavari College Of Engineering,  Jalgaon",Computer Engineering,80668,,71538,88106,,,,
756,"R. C. Patel Institute of Technology, Shirpur",Civil Engineering,82070,,,,,,,
758,"R. C. Patel Institute of Technology, Shirpur",Mechanical Engineering,61674,69689,,82673,77310,,,
760,"SNJB's Late Sau. Kantabai Bhavarlalji Jain College of Engineering,  (Jain Gurukul), Neminagar,Chandwad,(Nashik)",Civil Engineering,38488,41226,,68793,76373,47758,46076,
762,"SNJB's Late Sau. Kantabai Bhavarlalji Jain College of Engineering,  (Jain Gurukul), Neminagar,Chandwad,(Nashik)",Mechanical Engineering,64566,,,,,,,
764,"Matoshri College of Engineering and Research Centre, Eklahare, Nashik",Information Technology,41873,,65675,,,,,
766,"Matoshri College of Engineering and Research Centre, Eklahare, Nashik",Artificial Intelligence and Data Science,81986,83557,,,,,,
768,"Vishwabharati Academy's College of Engineering, Ahmednagar",Computer Engineering,20073,19666,,,,,,
770,"Gokhale Education Society's, R.H. Sapat College of Engineering, Management Studies and Research, Nashik",Civil Engineering,32403,35673,,,,,,
772,"Gokhale Education Society's, R.H. Sapat College of Engineering, Management Studies and Research, Nashik",Computer Engineering,81419,58439,,,,,,
774,"Kalyani Charitable Trust, Late Gambhirrao Natuba Sapkal College of Engineering, Anjaneri, Trimbakeshwar Road, Nashik",Computer Engineering,83466,,,,,,,
776,"Hon. Shri. Babanrao Pachpute Vichardhara Trust, Group of Institutions (Integrated Campus)-Parikrama, Kashti Shrigondha,",Computer Engineering,83522,,,,,,,
778,"PUNE VIDYARTHI GRIHA’S COLLEGE OF ENGINEERING & SHRIKRUSHNA S. DHAMANKAR INSTITUTE OF MANAGEMENT, NASHIK",Computer Engineering,62581,69216,,,,,,
780,"PUNE VIDYARTHI GRIHA’S COLLEGE OF ENGINEERING & SHRIKRUSHNA S. DHAMANKAR INSTITUTE OF MANAGEMENT, NASHIK",Information Technology,57936,59015,69719,46340,,,,
782,"Sandip Foundation's, Sandip Institute of Engineering & Management, Nashik",Computer Engineering,34193,58191,,39681,37115,75678,,
784,"Ahmednagar Jilha Maratha Vidya Prasarak Samajache, Shri. Chhatrapati Shivaji Maharaj College of Engineering, Nepti",Civil Engineering,62267,63291,79103,35332,63154,,,
786,"Ahmednagar Jilha Maratha Vidya Prasarak Samajache, Shri. Chhatrapati Shivaji Maharaj College of Engineering, Nepti",Computer Engineering,80922,79168,83717,,,,,
788,"Ahmednagar Jilha Maratha Vidya Prasarak Samajache, Shri. Chhatrapati Shivaji Maharaj College of Engineering, Nepti",Mechanical Engineering,81682,,,,,,,
790,"K.V.N. Naik S. P. Sansth's Loknete Gopinathji Munde Institute of Engineering Education & Research, Nashik.",Civil Engineering,86441,50761,,,,,,
792,"Sanghavi College of Engineering, Varvandi, Nashik.",Civil Engineering,10701,,,,,,,
794,"Sanghavi College of Engineering, Varvandi, Nashik.",Computer Engineering,7460,29186,9515,,,,,
796,"Jawahar Education Society's Institute of Technology, Management & Research, Nashik.",Computer Engineering,14236,39824,34707,19552,,,,
798,"Vidya Niketan College of Engineering, Bota Sangamner",Computer Engineering,23729,,25556,19587,,,,
800,"Guru Gobind Singh College of Engineering & Research Centre, Nashik.",Civil Engineering,,,18691,,,,,
802,"Guru Gobind Singh College of Engineering & Research Centre, Nashik.",Computer Engineering,26468,,,,,,,
804,"Guru Gobind Singh College of Engineering & Research Centre, Nashik.",Mechanical Engineering,20741,28102,61888,39714,18471,,,
806,"Shri Vile Parle Kelavani Mandal's Institute of Technology, Dhule",Civil Engineering,5649,8802,27781,13739,16225,39221,,
808,"Shri Vile Parle Kelavani Mandal's Institute of Technology, Dhule",Electrical Engineering,19594,23138,55162,31741,19131,38417,,
810,"Shri Vile Parle Kelavani Mandal's Institute of Technology, Dhule",Mechanical Engineering,15090,59356,44785,7654,16160,,,
812,"Government College of Engineering & Research, Avasari Khurd",Civil Engineering,20270,,33362,28829,37157,,,
814,"Government College of Engineering & Research, Avasari Khurd",Computer Engineering,54548,,,,,,,
816,"Government College of Engineering & Research, Avasari Khurd",Electronics and Telecommunication Engg,79514,86458,,,63740,83585,,
818,"Government College of Engineering & Research, Avasari Khurd",Instrumentation and Control Engineering,47688,72622,,,,61472,,
820,"Government College of Engineering & Research, Avasari Khurd",Automobile Engineering,81653,,,,,,,
822,"Government College of Engineering & Research, Avasari Khurd",Mechanical Engineering,71850,,,,,,,
824,"Government College of Engineering, Karad",Electronics and Telecommunication Engg,8953,7528,,,,,,
826,"College of Engineering, Pune",Civil Engineering,3764,10130,3287,,,,,
828,"Walchand College of Engineering, Sangli",Civil Engineering,12203,20792,8850,,,,,
830,"Walchand College of Engineering, Sangli",Electronics Engineering,12830,20540,19445,9721,,,,
832,"Department of Technology, Shivaji University, Kolhapur",Civil Engineering,64483,65866,87387,28126,,,,
834,"Department of Technology, Shivaji University, Kolhapur",Computer Science and Technology,I,38874,38470,,,,,
836,"Department of Technology, Shivaji University, Kolhapur",Electronics and Telecommunication Engg,22736,23501,45111,,,,,
838,"Department of Technology, Shivaji University, Kolhapur",Food Technology,52024,,,,,,,
840,"Department of Technology, Shivaji University, Kolhapur",Chemical Engineering,74246,75223,,,,76304,72387,
842,"TSSMS's Pd. Vasantdada Patil Institute of Technology, Bavdhan, Pune",Computer Engineering,75988,87828,,,,,,
844,"TSSMS's Pd. Vasantdada Patil Institute of Technology, Bavdhan, Pune",Electronics and Telecommunication Engg,55012,,,,,,,
846,"Genba Sopanrao Moze Trust Parvatibai Genba Moze College of Engineering,Wagholi, Pune",Computer Engineering,69571,60772,,,,,,
848,"Genba Sopanrao Moze Trust Parvatibai Genba Moze College of Engineering,Wagholi, Pune",Information Technology,I,67802,,,,,,
850,"Progressive Education Society's Modern College of Engineering, Pune",Computer Engineering,44118,42481,,,,,,
852,"Progressive Education Society's Modern College of Engineering, Pune",Computer Engineering,48074,41499,,,,,,
854,"Progressive Education Society's Modern College of Engineering, Pune",Information Technology,82075,,,,,,,
856,"Progressive Education Society's Modern College of Engineering, Pune",Information Technology,86499,87228,,,,,,
858,"Progressive Education Society's Modern College of Engineering, Pune",Electrical Engineering,54879,,,,,,,
860,"Progressive Education Society's Modern College of Engineering, Pune",Electrical Engineering,85722,88593,81105,,,,,
862,"Progressive Education Society's Modern College of Engineering, Pune",Electronics and Telecommunication Engg,80519,,,,,,,
864,"Progressive Education Society's Modern College of Engineering, Pune",Mechanical Engineering,84295,85909,,,86934,,,
866,"Progressive Education Society's Modern College of Engineering, Pune",Mechanical Engineering,45799,,,,,,,
868,"Progressive Education Society's Modern College of Engineering, Pune",Electronics and Computer Engineering,82712,78288,,,,,,
870,"Progressive Education Society's Modern College of Engineering, Pune",Artificial Intelligence and Machine Learning,81108,82749,,,52436,65174,66499,
872,"Progressive Education Society's Modern College of Engineering, Pune",Artificial Intelligence and Data Science,78280,85878,,,,,83255,
874,"Jaywant Shikshan Prasarak Mandal's,Rajarshi Shahu College of Engineering, Tathawade, Pune",Civil Engineering,84673,88185,,,,,,
876,"Genba Sopanrao Moze College of Engineering, Baner-Balewadi, Pune",Computer Engineering,88337,,,80241,,,,
878,"Genba Sopanrao Moze College of Engineering, Baner-Balewadi, Pune",Information Technology,43370,,,88199,,,,
880,"Genba Sopanrao Moze College of Engineering, Baner-Balewadi, Pune",Electronics and Telecommunication Engg,83775,,,,,,,
882,"JSPM'S Jaywantrao Sawant College of Engineering,Pune",Computer Engineering,49943,42714,,,,,,
884,"JSPM'S Jaywantrao Sawant College of Engineering,Pune",Information Technology,82860,,,,,,,
886,"JSPM'S Jaywantrao Sawant College of Engineering,Pune",Electrical Engineering,66335,65877,,,,,,
888,"JSPM'S Jaywantrao Sawant College of Engineering,Pune",Electronics and Telecommunication Engg,35515,32643,,,,,,
890,"JSPM'S Jaywantrao Sawant College of Engineering,Pune",Mechanical Engineering,87845,78083,,,,,,
892,"MIT Academy of Engineering,Alandi, Pune",Civil Engineering,72817,72555,,,,,,
894,"G.H.Raisoni College of Engineering & Management, Wagholi, Pune",Civil Engineering,64561,47810,,,,,,
896,"Marathwada Mitra Mandal's College of Engineering, Karvenagar, Pune",Computer Engineering,64998,80314,,,,,,
898,"Marathwada Mitra Mandal's College of Engineering, Karvenagar, Pune",Information Technology,74114,72300,,87106,,,,
900,"Marathwada Mitra Mandal's College of Engineering, Karvenagar, Pune",Electronics and Telecommunication Engg,60963,44312,,,,,,
902,"Marathwada Mitra Mandal's College of Engineering, Karvenagar, Pune",Mechanical Engineering,88436,83866,,,,,,
904,"JSPM's Imperial College of Engineering and Research, Wagholi, Pune",Civil Engineering,85762,82300,,,,,,
906,"JSPM's Imperial College of Engineering and Research, Wagholi, Pune",Computer Engineering,69861,,,,,,,
908,"JSPM's Imperial College of Engineering and Research, Wagholi, Pune",Electronics and Telecommunication Engg,84907,,,,,,,
910,"Pimpri Chinchwad Education Trust, Pimpri Chinchwad College of Engineering, Pune",Civil Engineering,87916,87424,66819,,,,,
912,"Pimpri Chinchwad Education Trust, Pimpri Chinchwad College of Engineering, Pune",Electronics and Telecommunication Engg,88381,,71569,,,,,
914,"G. H.Raisoni Institute of Engineering and Technology, Wagholi, Pune",Electronics and Telecommunication Engg,33158,67525,85397,,,,,
916,"Sinhgad College of Engineering, Vadgaon (BK), Pune",Bio Technology,58045,85995,70529,,,,,
918,"Sinhgad College of Engineering, Vadgaon (BK), Pune",Civil Engineering,87015,83070,,,,,,
920,"Sinhgad College of Engineering, Vadgaon (BK), Pune",Computer Engineering,,87874,41259,,,,,
922,"Sinhgad College of Engineering, Vadgaon (BK), Pune",Computer Engineering,68369,74151,,,79903,63960,69240,
924,"Sinhgad College of Engineering, Vadgaon (BK), Pune",Information Technology,83363,,87544,87378,,,,
926,"Sinhgad College of Engineering, Vadgaon (BK), Pune",Electronics and Telecommunication Engg,83820,,,,,,,
928,"Sinhgad College of Engineering, Vadgaon (BK), Pune",Electronics and Telecommunication Engg,67636,86399,,,,,,
930,"Sinhgad College of Engineering, Vadgaon (BK), Pune",Chemical Engineering,78777,,,,,,,
932,"Sinhgad College of Engineering, Vadgaon (BK), Pune",Mechanical Engineering,69421,79701,,,43955,,,
934,"Sinhgad Technical Education Society's Smt. Kashibai Navale College of Engineering,Vadgaon,Pune",Computer Engineering,81936,87622,,,,88065,,
936,"Sinhgad Technical Education Society's Smt. Kashibai Navale College of Engineering,Vadgaon,Pune",Computer Engineering,63942,,,,,,,
938,"Sinhgad Technical Education Society's Smt. Kashibai Navale College of Engineering,Vadgaon,Pune",Information Technology,74026,85923,,,,,,
940,"Sinhgad Technical Education Society's Smt. Kashibai Navale College of Engineering,Vadgaon,Pune",Electronics and Telecommunication Engg,87479,88561,,,,,,
942,"Sinhgad Technical Education Society's Smt. Kashibai Navale College of Engineering,Vadgaon,Pune",Electronics and Telecommunication Engg,47059,55243,68925,56724,53217,45051,81896,48936
944,"Indira College of Engineering & Management, Pune",Computer Engineering,59292,65685,84970,70911,59617,57240,59008,
946,"Sinhgad Technical Education Society, Sinhgad Institute of Technology and Science, Narhe (Ambegaon)",Computer Engineering,85030,88362,80444,85769,,83812,,
948,"Sinhgad Technical Education Society, Sinhgad Institute of Technology and Science, Narhe (Ambegaon)",Computer Engineering,70896,74725,,,,75850,67329,
950,"Sinhgad Technical Education Society, Sinhgad Institute of Technology and Science, Narhe (Ambegaon)",Information Technology,81220,,,,,,,
952,"Sinhgad Technical Education Society, Sinhgad Institute of Technology and Science, Narhe (Ambegaon)",Electronics and Telecommunication Engg,81493,,,,,,,
954,"K. J.'s Educational Institut Trinity College of Engineering and Research, Pisoli, Haveli",Computer Engineering,86416,65737,85209,,,,,
956,"K. J.'s Educational Institut Trinity College of Engineering and Research, Pisoli, Haveli",Information Technology,83509,85604,,,,,,
958,"Sinhagad Institute of Technology, Lonavala",Computer Engineering,64373,68257,78212,24225,,,,
960,"Sinhagad Institute of Technology, Lonavala",Computer Engineering,78082,83054,,,79297,49732,80250,
962,"Sinhagad Institute of Technology, Lonavala",Information Technology,83148,73319,87999,,,,,
964,"Sinhgad Academy of Engineering, Kondhwa (BK)  Kondhwa-Saswad Road, Pune",Computer Engineering,68542,,,,,,,
966,"Sinhgad Academy of Engineering, Kondhwa (BK)  Kondhwa-Saswad Road, Pune",Computer Engineering,65581,,,,,,,
968,"Sinhgad Academy of Engineering, Kondhwa (BK)  Kondhwa-Saswad Road, Pune",Information Technology,58528,78428,86005,68560,,,,
970,"Marathwada Mitra Mandal's Institute of Technology, Lohgaon, Pune",Computer Engineering,63573,70234,,,,77441,,
972,"Marathwada Mitra Mandal's Institute of Technology, Lohgaon, Pune",Mechatronics Engineering,85281,83841,84150,,,,,
974,"Pune District Education  Association's College of Engineering, Pune",Computer Engineering,73999,,,,,,,
976,"Pune District Education  Association's College of Engineering, Pune",Information Technology,43061,80832,,,,,,
978,"Pune District Education  Association's College of Engineering, Pune",Electronics and Telecommunication Engg,38551,48640,74321,50023,59761,45524,,
980,"Dr. D. Y. Patil Vidya Pratishthan Society’s Dr. D. Y. Patil Institute of Technology, Pimpri, Pune",Civil Engineering,11687,16173,53355,13887,29926,12781,16278,
982,"Dr. D. Y. Patil Vidya Pratishthan Society’s Dr. D. Y. Patil Institute of Technology, Pimpri, Pune",Computer Engineering,33812,42217,,,52867,,29077,31661
984,"Dr. D. Y. Patil Vidya Pratishthan Society’s Dr. D. Y. Patil Institute of Technology, Pimpri, Pune",Computer Engineering,88067,74600,,,,,,
986,"Dr. D. Y. Patil Vidya Pratishthan Society’s Dr. D. Y. Patil Institute of Technology, Pimpri, Pune",Information Technology,40334,32886,,,,,,
988,"Dr. D. Y. Patil Vidya Pratishthan Society’s Dr. D. Y. Patil Institute of Technology, Pimpri, Pune",Electrical Engineering,58795,60724,,,,,,
990,"Dr. D. Y. Patil Vidya Pratishthan Society’s Dr. D. Y. Patil Institute of Technology, Pimpri, Pune",Electronics and Telecommunication Engg,85447,,,,,,,
992,"Dr. D. Y. Patil Vidya Pratishthan Society’s Dr. D. Y. Patil Institute of Technology, Pimpri, Pune",Automation and Robotics,35058,49008,,,,,,
994,"Dr. D. Y. Patil Vidya Pratishthan Society’s Dr. D. Y. Patil Institute of Technology, Pimpri, Pune",Artificial Intelligence and Data Science,77488,60393,,,,,,
996,"K. E. Society's Rajarambapu Institute of Technology, Walwa, Sangli",Civil Engineering,85719,85480,,,,,,
998,"K. E. Society's Rajarambapu Institute of Technology, Walwa, Sangli",Electronics and Telecommunication Engg,71838,69523,,,,,,
1000,"K. E. Society's Rajarambapu Institute of Technology, Walwa, Sangli",Mechatronics Engineering,57323,88069,,,,,,
1002,"Shri Vithal Education and Research Institute's College of Engineering, Pandharpur",Civil Engineering,87126,82938,,,,,,
1004,"Shri Vithal Education and Research Institute's College of Engineering, Pandharpur",Computer Science and Engineering,68999,76912,,,,,,
1006,"Shri Vithal Education and Research Institute's College of Engineering, Pandharpur",Electrical Engineering,20974,20294,,,,,,
1008,"Shri Vithal Education and Research Institute's College of Engineering, Pandharpur",Electronics and Telecommunication Engg,29625,21637,,,,,,
1010,"Shri Vithal Education and Research Institute's College of Engineering, Pandharpur",Mechanical Engineering,61076,81877,,,,,,
1012,"Dattajirao Kadam Technical Education Society's Textile & Engineering Institute, Ichalkaranji.",Textile Chemistry,49586,46274,,,,,,
1014,"Dattajirao Kadam Technical Education Society's Textile & Engineering Institute, Ichalkaranji.",Textile Engineering (Fashion Technology),81344,81302,,,,,,
1016,"Pradnya Niketan Education Society's Nagesh Karajagi Orchid College of Engineering & Technology, Solapur",Computer Science and Engineering,84991,,,,,,,
1018,"Pradnya Niketan Education Society's Nagesh Karajagi Orchid College of Engineering & Technology, Solapur",Electrical Engineering,63897,,,,,,,
1020,"Pradnya Niketan Education Society's Nagesh Karajagi Orchid College of Engineering & Technology, Solapur",Electronics and Telecommunication Engg,88200,86790,,,,,,
1022,"D.Y. Patil College of Engineering and Technology, Kolhapur",Civil Engineering,50375,42099,,,,,,
1024,"D.Y. Patil College of Engineering and Technology, Kolhapur",Chemical Engineering,64170,60285,,,,,,
1026,"D.Y. Patil College of Engineering and Technology, Kolhapur",Computer Science and Engineering(Data Science),88586,86310,,,,,,
1028,"Walchand Institute of Technology, Solapur",Computer Science and Engineering,88633,,,,,,,
1030,"Walchand Institute of Technology, Solapur",Information Technology,56298,69327,,,,,,
1032,"Walchand Institute of Technology, Solapur",Mechanical Engineering,55839,58356,,,,,,
1034,"Kolhapur Institute of Technology's College of Engineering(Autonomous), Kolhapur",Civil and Environmental Engineering,77474,83048,,,,,,
1036,"Tatyasaheb Kore Institute of Engineering and Technology, Warananagar",Civil Engineering,77808,,,,,,,
1038,"Tatyasaheb Kore Institute of Engineering and Technology, Warananagar",Chemical Engineering,25588,86254,78693,,,,,
1040,"Shetkari Shikshan Mandal's Pad. Vasantraodada Patil Institute of Technology, Budhgaon, Sangli",Civil Engineering,84050,,,,,,,
1042,"Shetkari Shikshan Mandal's Pad. Vasantraodada Patil Institute of Technology, Budhgaon, Sangli",Computer Science and Engineering,72012,,,,,,,
1044,"Shetkari Shikshan Mandal's Pad. Vasantraodada Patil Institute of Technology, Budhgaon, Sangli",Electronics and Telecommunication Engg,70518,,,,,,,
1046,"Shetkari Shikshan Mandal's Pad. Vasantraodada Patil Institute of Technology, Budhgaon, Sangli",Chemical Engineering,77240,68733,,,,,,
1048,"Rayat Shikshan Sanstha's Karmaveer Bhaurao Patil College of Engineering, Satara",Civil Engineering,72409,,,,,,,
1050,"Rayat Shikshan Sanstha's Karmaveer Bhaurao Patil College of Engineering, Satara",Computer Science and Engineering,57045,88622,,,,,,
1052,"Rayat Shikshan Sanstha's Karmaveer Bhaurao Patil College of Engineering, Satara",Electronics Engineering,84968,87470,88634,85171,,,,
1054,"Rayat Shikshan Sanstha's Karmaveer Bhaurao Patil College of Engineering, Satara",Mechanical Engineering,I,64853,57156,,,,,
1056,"Pune Institute of Computer Technology, Dhankavdi, Pune",Computer Engineering,72640,79535,,,69825,,,
1058,"Pune Institute of Computer Technology, Dhankavdi, Pune",Information Technology,75090,,,,,,,
1060,"Pune Institute of Computer Technology, Dhankavdi, Pune",Electronics and Telecommunication Engg,85462,69442,,,,,,
1062,"Pune Institute of Computer Technology, Dhankavdi, Pune",Electronics and Telecommunication Engg,48499,,,,,,,
1064,"Dr. D. Y. Patil Pratishthan's D.Y.Patil College of Engineering Akurdi, Pune",Civil Engineering,I,87769,,,,,,
1066,"Dr. D. Y. Patil Pratishthan's D.Y.Patil College of Engineering Akurdi, Pune",Computer Engineering,75315,,,,,,,
1068,"Dr. D. Y. Patil Pratishthan's D.Y.Patil College of Engineering Akurdi, Pune",Information Technology,86845,,,,,,,
1070,"Dr. D. Y. Patil Pratishthan's D.Y.Patil College of Engineering Akurdi, Pune",Electronics and Telecommunication Engg,35064,59910,,53943,75860,46334,,
1072,"Dr. D. Y. Patil Pratishthan's D.Y.Patil College of Engineering Akurdi, Pune",Mechanical Engineering,80028,,,,,,,
1074,"Dr. D. Y. Patil Pratishthan's D.Y.Patil College of Engineering Akurdi, Pune",Artificial Intelligence and Data Science,75239,,,88405,85643,,,
1076,"Bansilal Ramnath Agarawal Charitable Trust's Vishwakarma Institute of Technology, Bibwewadi, Pune",Computer Engineering,72489,,,,36623,72643,,
1078,"Bansilal Ramnath Agarawal Charitable Trust's Vishwakarma Institute of Technology, Bibwewadi, Pune",Artificial Intelligence and Data Science,86135,,88166,84996,86601,,,
1080,"Pune Vidyarthi Griha's College of Engineering and Technology and G K Pate(Wani) Institute of  Management,  Pune",Computer Engineering,73889,,,,,,,
1082,"Pune Vidyarthi Griha's College of Engineering and Technology and G K Pate(Wani) Institute of  Management,  Pune",Electrical Engineering,71325,44214,,,,,,
1084,"Pune Vidyarthi Griha's College of Engineering and Technology and G K Pate(Wani) Institute of  Management,  Pune",Electronics and Telecommunication Engg,28316,21663,,,,,,
1086,"Pune Vidyarthi Griha's College of Engineering and Technology and G K Pate(Wani) Institute of  Management,  Pune",Mechanical Engineering,52415,45569,,,,,,
1088,"Pune Vidyarthi Griha's College of Engineering and Technology and G K Pate(Wani) Institute of  Management,  Pune",Printing Technology,72467,76560,,,,,,
1090,"Shivnagar Vidya Prasarak Mandal's College of Engineering, Malegaon-Baramati",Civil Engineering,45560,,,,,,,
1092,"Shivnagar Vidya Prasarak Mandal's College of Engineering, Malegaon-Baramati",Computer Engineering,39194,,77736,,73893,,,
1094,"Shivnagar Vidya Prasarak Mandal's College of Engineering, Malegaon-Baramati",Information Technology,78031,,81703,86059,,,,
1096,"Shivnagar Vidya Prasarak Mandal's College of Engineering, Malegaon-Baramati",Electronics and Telecommunication Engg,,,71096,,,,,
1098,"MKSSS's Cummins College of Engineering for Women, Karvenagar,Pune",Computer Engineering,29532,48697,77410,38957,33182,38062,46809,59533
1100,"MKSSS's Cummins College of Engineering for Women, Karvenagar,Pune",Electronics and Telecommunication Engg,30085,52526,,41835,34677,25447,,35334
1102,"Dr. J. J. Magdum  Charitable Trust's Dr. J.J. Magdum College of Engineering, Jaysingpur",Computer Engineering,83344,88180,,,,,,
1104,"Dr. J. J. Magdum  Charitable Trust's Dr. J.J. Magdum College of Engineering, Jaysingpur",Information Technology,57798,68055,,87030,61198,54184,,
1106,"All India Shri Shivaji Memorial Society's College of Engineering, Pune",Civil Engineering,I,87751,75119,,,,,
1108,"All India Shri Shivaji Memorial Society's College of Engineering, Pune",Computer Engineering,84467,,,,,,,
1110,"All India Shri Shivaji Memorial Society's College of Engineering, Pune",Computer Engineering,37778,58723,,67628,,45940,80928,
1112,"All India Shri Shivaji Memorial Society's College of Engineering, Pune",Electrical Engineering,65753,,,,55203,,,62747
1114,"All India Shri Shivaji Memorial Society's College of Engineering, Pune",Electronics and Telecommunication Engg,82917,,,,,,,
1116,"All India Shri Shivaji Memorial Society's College of Engineering, Pune",Chemical Engineering,80050,71394,,,,,,
1118,"All India Shri Shivaji Memorial Society's College of Engineering, Pune",Mechanical Engineering,86015,,,,,,,
1120,"Modern Education Society's College of Engineering, Pune",Computer Engineering,82832,,84440,65637,,,,
1122,"Modern Education Society's College of Engineering, Pune",Computer Engineering,83229,74638,,,,,,
1124,"Modern Education Society's College of Engineering, Pune",Electronics and Telecommunication Engg,88239,83302,,,,,,
1126,"Modern Education Society's College of Engineering, Pune",Mechanical Engineering,32089,59295,55323,21076,,,,
1128,"All India Shri Shivaji Memorial Society's Institute of Information Technology,Pune",Computer Engineering,15830,46884,17035,12864,,,,
1130,"All India Shri Shivaji Memorial Society's Institute of Information Technology,Pune",Computer Engineering,22472,47964,18378,,,,,
1132,"All India Shri Shivaji Memorial Society's Institute of Information Technology,Pune",Information Technology,59222,,,,,67126,,
1134,"All India Shri Shivaji Memorial Society's Institute of Information Technology,Pune",Electrical Engineering,82894,87991,56164,,,,,
1136,"All India Shri Shivaji Memorial Society's Institute of Information Technology,Pune",Electronics and Telecommunication Engg,80750,,,,,,,
1138,"All India Shri Shivaji Memorial Society's Institute of Information Technology,Pune",Electronics and Telecommunication Engg,74949,84926,63544,,,,,
1140,"All India Shri Shivaji Memorial Society's Institute of Information Technology,Pune",Artificial Intelligence and Data Science,44770,85806,69553,61848,45099,49909,65764,47149
1142,"Annasaheb Dange College of Engineering and Technology, Ashta, Sangli",Aeronautical Engineering,52244,82986,,57784,58570,53234,58879,
1144,"Annasaheb Dange College of Engineering and Technology, Ashta, Sangli",Electrical Engineering,62630,56575,,,,,,
1146,"Vidya Pratishthan's Kamalnayan Bajaj Institute of Engineering & Technology, Baramati Dist.Pune",Civil Engineering,63303,62954,,,,,,
1148,"Vidya Pratishthan's Kamalnayan Bajaj Institute of Engineering & Technology, Baramati Dist.Pune",Computer Engineering,73277,,,,,,,
1150,"Vidya Pratishthan's Kamalnayan Bajaj Institute of Engineering & Technology, Baramati Dist.Pune",Information Technology,48197,46607,29381,21179,,,,
1152,"Vidya Pratishthan's Kamalnayan Bajaj Institute of Engineering & Technology, Baramati Dist.Pune",Electrical Engineering,60418,41132,,,,,,
1154,"Vidya Pratishthan's Kamalnayan Bajaj Institute of Engineering & Technology, Baramati Dist.Pune",Electronics and Telecommunication Engg,51314,67254,,,71879,29675,,
1156,"Vidya Pratishthan's Kamalnayan Bajaj Institute of Engineering & Technology, Baramati Dist.Pune",Mechanical Engineering,8782,11187,11197,38601,,,,
1158,"Vidya Pratishthan's Kamalnayan Bajaj Institute of Engineering & Technology, Baramati Dist.Pune",Artificial Intelligence and Data Science,14646,29370,48225,15200,15025,,,
1160,"Bharati Vidyapeeth's College of Engineering for Women, Katraj, Dhankawadi, Pune",Computer Engineering,28388,74030,56112,74448,30090,18704,,
1162,"Bharati Vidyapeeth's College of Engineering for Women, Katraj, Dhankawadi, Pune",Information Technology,39104,82409,81876,64567,55113,62642,,
1164,"Bharati Vidyapeeth's College of Engineering for Women, Katraj, Dhankawadi, Pune",Electronics and Telecommunication Engg,31150,33702,,,21452,33892,,23771
1166,"Bharati Vidyapeeth's College of Engineering, Kolhapur",Computer Science and Engineering,50369.1,61922,,,45239,48262,,
1168,"Bharati Vidyapeeth's College of Engineering, Kolhapur",Electronics and Telecommunication Engg,44651,74264,,,42856,56390,,53267
1170,"B.R.A.C.T's Vishwakarma Institute of Information Technology, Kondhwa (Bk.), Pune",Artificial Intelligence and Data Science,28145,51296,,67384,46049,52068,,
1172,"Kai Amdar  Bramhadevdada Mane Shikshan & Samajik Prathistan's Bramhadevdada Mane Institute of Technology, Solapur",Computer Science and Engineering,63206,79060,,,,,,
1174,"Kai Amdar  Bramhadevdada Mane Shikshan & Samajik Prathistan's Bramhadevdada Mane Institute of Technology, Solapur",Electrical Engineering,20171,15612,81638,17730,,,,
1176,"Kai Amdar  Bramhadevdada Mane Shikshan & Samajik Prathistan's Bramhadevdada Mane Institute of Technology, Solapur",Mechanical Engineering,67979,,,,,79399,,
1178,"Zeal Education Society's Zeal College of Engineering & Reserch, Narhe, Pune",Robotics and Automation,79278,,,87611,,,84798,
1180,"Zeal Education Society's Zeal College of Engineering & Reserch, Narhe, Pune",Computer Engineering,85311,,,,,,,
1182,"Zeal Education Society's Zeal College of Engineering & Reserch, Narhe, Pune",Computer Engineering,58114,,,64740,,,59285,
1184,"Zeal Education Society's Zeal College of Engineering & Reserch, Narhe, Pune",Information Technology,57669,,,,,69837,60489,
1186,"Zeal Education Society's Zeal College of Engineering & Reserch, Narhe, Pune",Electrical Engineering,58263,67438,,,,,,
1188,"Zeal Education Society's Zeal College of Engineering & Reserch, Narhe, Pune",Electronics and Telecommunication Engg,77035,80137,,,,,,
1190,"Zeal Education Society's Zeal College of Engineering & Reserch, Narhe, Pune",Mechanical Engineering,86529,,,,,,,
1192,"Zeal Education Society's Zeal College of Engineering & Reserch, Narhe, Pune",Artificial Intelligence and Data Science,62046,,,,,,,
1194,"Dr. Ashok Gujar Technical Institute's  Dr. Daulatrao Aher College of Engineering, Karad",Computer Science and Engineering,84398,77048,,,,,,
1196,"Dhole Patil Education Society, Dhole Patil College of Engineering, Wagholi, Tal. Haveli",Computer Engineering,71581,80453,,,,,,
1198,"Dhole Patil Education Society, Dhole Patil College of Engineering, Wagholi, Tal. Haveli",Information Technology,29941,60542,,56145,23692,,28024,
1200,"Dhole Patil Education Society, Dhole Patil College of Engineering, Wagholi, Tal. Haveli",Electronics and Telecommunication Engg,39012,44909,41648,30202,,39142,,
1202,"Nutan Maharashtra Vidya Prasarak Mandal, Nutan Maharashtra Institute of Engineering &Technology, Talegaon station, Pune",Computer Engineering,84498,86241,64600,81944,,,,
1204,"Nutan Maharashtra Vidya Prasarak Mandal, Nutan Maharashtra Institute of Engineering &Technology, Talegaon station, Pune",Information Technology,80957,,,,,,,
1206,"Nutan Maharashtra Vidya Prasarak Mandal, Nutan Maharashtra Institute of Engineering &Technology, Talegaon station, Pune",Electronics and Telecommunication Engg,74014,69875,,,,,,
1208,"Jayawant Shikshan Prasarak Mandal, Bhivarabai Sawant Institute of Technology & Research, Wagholi",Computer Engineering,75801,,,,,,,
1210,"Jayawant Shikshan Prasarak Mandal, Bhivarabai Sawant Institute of Technology & Research, Wagholi",Information Technology,86451,79894,,,,,,
1212,"Jayawant Shikshan Prasarak Mandal, Bhivarabai Sawant Institute of Technology & Research, Wagholi",Electrical Engineering,28852,32932,42883,41011,25288,41457,,
1214,"Jayawant Shikshan Prasarak Mandal, Bhivarabai Sawant Institute of Technology & Research, Wagholi",Electronics and Telecommunication Engg,32762,,49595,39375,29350,,,
1216,"Sharad Institute of Technology College of Engineering, Yadrav(Ichalkaranji)",Mechanical Engineering,83066,73786,,,,,,
1218,"K.J.'s Educational Institute's K.J.College of Engineering & Management Research, Pisoli",Civil Engineering,78614,40777,78314,,,,,
1220,"Rajgad Dnyanpeeth's Technical Campus,Dhangwadi, Bhor",Computer Engineering,76733,,,,,,,
1222,"Shri Pandurang Pratishtan, Karmayogi Engineering College, Shelve, Pandharpur",Computer Science and Engineering,67983,,,,,,,
1224,"Nutan College of Engineering and Research, Talegaon Dabhade Tal. Maval, Pune",Computer Science and Engineering,81669,,,,,,,
1226,"Nutan College of Engineering and Research, Talegaon Dabhade Tal. Maval, Pune",Computer Science and Engineering (Artificial Intelligence),68520,78543,86238,78832,,80510,,
1228,"Shree Santkrupa Shikshan Sanstha, Shree Santkrupa Institute Of Engineering & Technology, Karad",Computer Science and Engineering,59311,65916,,63945,66990,53362,,61543
1230,"Samarth Education Trust's Arvind Gavali College Of Engineering Panwalewadi, Varye,Satara.",Civil Engineering,41320,,42773,43068,,,,
1232,"Samarth Education Trust's Arvind Gavali College Of Engineering Panwalewadi, Varye,Satara.",Electrical Engineering,88206,50639,,,,,,
1234,"Jaihind College Of Engineering,Kuran",Computer Engineering,45783,50783,,67972,35245,,67529,46718
1236,Chincholi Tal. Daund Dist. Pune,Computer Engineering,78793,76050,,,,,,
1238,Navsahyadri Education Society's Group of Institutions,Computer Engineering,85192,,,,,,,
1240,"KJEI's Trinity Academy of Engineering, Yewalewadi, Pune",Civil Engineering,78666,69633,,,,,,
1242,"Samarth Group of Institutions, Bangarwadi, Post Belhe Tal. Junnar Dist. Pune",Civil Engineering,12774,30866,15933,52720,30794,,,
1244,"Samarth Group of Institutions, Bangarwadi, Post Belhe Tal. Junnar Dist. Pune",Computer Engineering,20170,35010,38257,20957,,,,
1246,"Samarth Group of Institutions, Bangarwadi, Post Belhe Tal. Junnar Dist. Pune",Mechanical Engineering,44816,64738,,,66745,46979,,
1248,"N. B. Navale Sinhgad College of Engineering, Kegaon, solapur",Civil Engineering,26594,,,,36279,29060,,84880
1250,"N. B. Navale Sinhgad College of Engineering, Kegaon, solapur",Computer Science and Engineering,53389,,,,59989,42057,,
1252,"N. B. Navale Sinhgad College of Engineering, Kegaon, solapur",Electronics and Telecommunication Engg,64952,,,,71361,85988,,
1254,"S K N Sinhgad College of Engineering, Korti Tal. Pandharpur Dist Solapur",Civil Engineering,81762,76599,,,,,,
1256,"S K N Sinhgad College of Engineering, Korti Tal. Pandharpur Dist Solapur",Computer Science and Engineering,74784,74144,,,,,,
1258,"S K N Sinhgad College of Engineering, Korti Tal. Pandharpur Dist Solapur",Electrical Engineering,82175,88004,,,,,,
1260,"S K N Sinhgad College of Engineering, Korti Tal. Pandharpur Dist Solapur",Electronics and Telecommunication Engg,83450,,,,,,,
1262,"S K N Sinhgad College of Engineering, Korti Tal. Pandharpur Dist Solapur",Mechanical Engineering,86344,,,,,,,
1264,"TSSM's Bhivarabai Sawant College of Engineering and Research, Narhe, Pune",Electronics and Telecommunication Engg,84340,,,,,,,
1266,"Dr. D. Y. Patil School OF Engineering, Lohegaon, Pune",Civil Engineering,I,30386,68692,,,,,
1268,"Dr. D. Y. Patil School OF Engineering, Lohegaon, Pune",Computer Engineering,71099,,,,,,,
1270,"Dr. D. Y. Patil School OF Engineering, Lohegaon, Pune",Electronics and Telecommunication Engg,87741,88051,48759,60543,,,,
1272,"Dr. D. Y. Patil School OF Engineering, Lohegaon, Pune",Artificial Intelligence and Data Science,70293,68132,,33706,,,,
1274,"International Institute of Information Technology (I2IT), Pune.",Computer Engineering,80500,88327,,35760,,,,
1276,"International Institute of Information Technology (I2IT), Pune.",Information Technology,84021,88594,,,,,,
1278,"International Institute of Information Technology (I2IT), Pune.",Electronics and Telecommunication Engg,53275,42257,,,,,,
1280,"JSPM Narhe Technical Campus, Pune.",Computer Engineering,82717,77671,,,,,,
1282,"JSPM Narhe Technical Campus, Pune.",Electronics and Telecommunication Engg,64116,72161,,,,,,
1284,"Yashoda Technical Campus, Wadhe, Satara.",Electrical Engineering,78656,75369,,,,,,
1286,"Shree Ramchandra College of Engineering, Lonikand,Pune",Computer Engineering,72102,,,78829,75787,70408,,82063
1288,"Nanasaheb Mahadik College of Engineering,Walwa, Sangli.",Computer Science and Engineering,85082,,,,,,,
1290,"Nanasaheb Mahadik College of Engineering,Walwa, Sangli.",Electrical Engineering,82474,70939,84547,,,,,
1292,"Suman Ramesh Tulsiani Technical Campus: Faculty of Engineering, Kamshet,Pune.",Computer Engineering,67788,,,,,88515,62949,75418
1294,"P.K. Technical Campus, Pune.",Computer Engineering,59387,,,,,,,
1296,"Rasiklal M. Dhariwal Sinhgad Technical Institutes Campus, Warje, Pune.",Civil Engineering,87006,79985,,,,,,
1298,"Rasiklal M. Dhariwal Sinhgad Technical Institutes Campus, Warje, Pune.",Information Technology,28635,48798,,57788,33882,9478,,
1300,"SKN Sinhgad Institute of Technology & Science, Kusgaon(BK),Pune.",Computer Engineering,77846,,,,,,,
1302,"SKN Sinhgad Institute of Technology & Science, Kusgaon(BK),Pune.",Information Technology,71515,86361,,81402,62728,,,
1304,"NBN Sinhgad Technical Institutes Campus, Pune",Computer Engineering,88049,,,,,,,
1306,"NBN Sinhgad Technical Institutes Campus, Pune",Information Technology,84468,74503,,,,,,
1308,"D.Y.Patil Education Society's,D.Y.Patil Technical Campus, Faculty of Engineering & Faculty of Management,Talsande,Kolhapur.",Electrical Engineering,79460,,64359,74637,,,,
1310,"Anantrao Pawar College of Engineering & Research, Pune",Computer Engineering,74985,,,,,,,
1312,"Anantrao Pawar College of Engineering & Research, Pune",Information Technology,62663,,,,76511,44987,,
1314,"Anantrao Pawar College of Engineering & Research, Pune",Electronics and Telecommunication Engg,84495,,84757,77596,,,,
1316,"Anantrao Pawar College of Engineering & Research, Pune",Artificial Intelligence and Data Science,76803,,,,,,,
1318,"Bharati Vidyapeeth's College of Engineering,Lavale, Pune",Computer Engineering,53375,88379,,,,,,
1320,"Dnyanshree Institute Engineering and Technology, Satara",Civil Engineering,53065,84497,57580,80801,60038,57921,51628,
1322,"Dr. D.Y.Patil Institute of Engineering, Management & Reseach, Akurdi, Pune",Civil Engineering,77771,,,,,,,
1324,"Dr. D.Y.Patil Institute of Engineering, Management & Reseach, Akurdi, Pune",Computer Engineering,82559,,,,,,,
1326,"Dr. D.Y.Patil Institute of Engineering, Management & Reseach, Akurdi, Pune",Electronics and Telecommunication Engg,81731,,,,,,,
1328,"Dr. D.Y.Patil Institute of Engineering, Management & Reseach, Akurdi, Pune",Chemical Engineering,89634,,,,,,,
1330,"Dr. D.Y.Patil Institute of Engineering, Management & Reseach, Akurdi, Pune",Mechanical Engineering,88256,,,,,,,
1332,"Dr. D.Y.Patil Institute of Engineering, Management & Reseach, Akurdi, Pune",Artificial Intelligence and Data Science,83411,70176,,,,,,
1334,"Sant Gajanan Maharaj College of Engineering, Gadhinglaj",Computer Science and Engineering,57867,,,62628,53544,,66239,
1336,"Sant Gajanan Maharaj College of Engineering, Gadhinglaj",Electronics and Telecommunication Engg,71164,80916,,,,,,
1338,"Sant Gajanan Maharaj College of Engineering, Gadhinglaj",Mechanical Engineering,81263,,,,,,,
1340,"Keystone School of Engineering, Pune",Computer Engineering,66360,,,,,,,
1342,"Keystone School of Engineering, Pune",Electronics and Telecommunication Engg,79798,,,,,,,
1344,"Vidya Prasarini Sabha's College of Engineering & Technology, Lonavala",Computer Engineering,75856,,,,,,,
1346,"Pimpri Chinchwad Education Trust's Pimpri Chinchwad College Of Engineering And Research, Ravet",Civil Engineering,60107,66367,82187,,,,,
1348,"Pimpri Chinchwad Education Trust's Pimpri Chinchwad College Of Engineering And Research, Ravet",Computer Engineering,83096,,87031,74740,,,,
1350,"Pimpri Chinchwad Education Trust's Pimpri Chinchwad College Of Engineering And Research, Ravet",Electronics and Telecommunication Engg,78687,,,,,,,
1352,"Pimpri Chinchwad Education Trust's Pimpri Chinchwad College Of Engineering And Research, Ravet",Mechanical Engineering,75713,87570,,,,,,
1354,"Dr.D.Y.Patil College Of Engineering & Innovation,Talegaon",Computer Engineering,87856,59128,,,,,,
1356,"Dr. D Y Patil Pratishthan's College of Engineering, Kolhapur",Computer Science and Engineering,88471,,,,,,,
1358,"Dr. D Y Patil Pratishthan's College of Engineering, Kolhapur",Electrical Engineering,I,84548,,,,,,
1360,"Dr. D Y Patil Pratishthan's College of Engineering, Kolhapur",Computer Science and Engineering(Data Science),50012,,,,,,,
