,Unnamed: 0,Name,Branch,Town,Exam,Rank_19_R1,Score_19_R1,Rank_19_R2,Score_19_R2,Rank_20_R1,Score_20_R1,Rank_20_R2,Score_20_R2,Genders Accepted,Campus Size,Total Student Enrollments,Total Faculty,Established Year,Rating,University,Facilities,City_y,State,Country,College Type,Average Fees
0,0,Institute of Chemical Technology,Chemical Engineering, Matunga,JEE,256,192,391,179,637,96.8544906,764,96.5201553,Co-Ed,16 Acres,1753,116,2008,3.55,,"Boys Hostel, Girls Hostel, Gym, Library, Sports, Cafeteria, Auditorium, Medical/Hospital, Wifi, IT Infrastructure, Laboratories, Alumni Associations, Guest Room",Mumbai,Maharashtra,India,Public/Government,189512.8205
1,37,Institute of Chemical Technology,Dyestuff Technology, Matunga,JEE,1673,128,1598,130,2947,92.6768827,3206,92.2920648,Co-Ed,16 Acres,1753,116,2008,2.28,,"Boys Hostel, Girls Hostel, Gym, Library, Sports, Cafeteria, Auditorium, Medical/Hospital, Wifi, IT Infrastructure, Laboratories, Alumni Associations, Guest Room",Mumbai,Maharashtra,India,Public/Government,189512.8205
2,34,Thadomal Shahani Engineering College,Computer Engineering, Bandra,JEE,1025,147,1159,142,1073,95.8345556,611,96.9417419,Co-Ed,,1718,110,1983,3.36,"University of Mumbai, Mumbai","Library, Sports, Cafeteria, Auditorium, Medical/Hospital, Wifi, IT Infrastructure, Laboratories, Alumni Associations",Mumbai,Maharashtra,India,Private,587000
3,38,Thadomal Shahani Engineering College,Information Technology, Bandra,JEE,1882,124,2076,120,1446,95.1182239,1394,95.217857,Co-Ed,,1718,110,1983,2.99,"University of Mumbai, Mumbai","Library, Sports, Cafeteria, Auditorium, Medical/Hospital, Wifi, IT Infrastructure, Laboratories, Alumni Associations",Mumbai,Maharashtra,India,Private,587000
4,74,Thadomal Shahani Engineering College,Chemical Engineering, Bandra,JEE,2496,113,3169,105,4015,91.1044385,5255,89.2094379,Co-Ed,,1718,110,1983,2.23,"University of Mumbai, Mumbai","Library, Sports, Cafeteria, Auditorium, Medical/Hospital, Wifi, IT Infrastructure, Laboratories, Alumni Associations",Mumbai,Maharashtra,India,Private,587000
5,36,Shri Ramdeobaba College of Engineering and Management,Information Technology, Nagpur,JEE,1542,131,2068,120,1513,94.9982973,1747,94.6215562,Co-Ed,,4685,256,1984,2.59,"Rashtrasant Tukadoji Maharaj Nagpur University, Nagpur","Boys Hostel, Girls Hostel, Gym, Library, Sports, Cafeteria, Auditorium, Medical/Hospital, IT Infrastructure, Laboratories, Convenience Store, Alumni Associations, Parking Facility, Banks Facilities",Nagpur,Maharashtra,India,Private,442916.6667
6,75,Shri Ramdeobaba College of Engineering and Management,Electrical Engineering, Nagpur,JEE,2498,113,2913,108,3956,91.2125751,6025,88.1199539,Co-Ed,,4685,256,1984,2.23,"Rashtrasant Tukadoji Maharaj Nagpur University, Nagpur","Boys Hostel, Girls Hostel, Gym, Library, Sports, Cafeteria, Auditorium, Medical/Hospital, IT Infrastructure, Laboratories, Convenience Store, Alumni Associations, Parking Facility, Banks Facilities",Nagpur,Maharashtra,India,Private,442916.6667
7,77,Shri Ramdeobaba College of Engineering and Management,Civil Engineering, Nagpur,JEE,2601,112,4853,88,5067,89.4732118,5939,88.2289171,Co-Ed,,4685,256,1984,2,"Rashtrasant Tukadoji Maharaj Nagpur University, Nagpur","Boys Hostel, Girls Hostel, Gym, Library, Sports, Cafeteria, Auditorium, Medical/Hospital, IT Infrastructure, Laboratories, Convenience Store, Alumni Associations, Parking Facility, Banks Facilities",Nagpur,Maharashtra,India,Private,442916.6667
8,78,Shri Ramdeobaba College of Engineering and Management,Civil Engineering, Nagpur,JEE,2601,112,4853,88,5067,89.4732118,6111,87.9271554,Co-Ed,,4685,256,1984,1.19,"Rashtrasant Tukadoji Maharaj Nagpur University, Nagpur","Boys Hostel, Girls Hostel, Gym, Library, Sports, Cafeteria, Auditorium, Medical/Hospital, IT Infrastructure, Laboratories, Convenience Store, Alumni Associations, Parking Facility, Banks Facilities",Nagpur,Maharashtra,India,Private,442916.6667
9,79,Shri Ramdeobaba College of Engineering and Management,Civil Engineering, Nagpur,JEE,2601,112,4853,88,5306,89.179415,5939,88.2289171,Co-Ed,,4685,256,1984,1.6,"Rashtrasant Tukadoji Maharaj Nagpur University, Nagpur","Boys Hostel, Girls Hostel, Gym, Library, Sports, Cafeteria, Auditorium, Medical/Hospital, IT Infrastructure, Laboratories, Convenience Store, Alumni Associations, Parking Facility, Banks Facilities",Nagpur,Maharashtra,India,Private,442916.6667
10,80,Shri Ramdeobaba College of Engineering and Management,Civil Engineering, Nagpur,JEE,2601,112,4853,88,5306,89.179415,6111,87.9271554,Co-Ed,,4685,256,1984,1.41,"Rashtrasant Tukadoji Maharaj Nagpur University, Nagpur","Boys Hostel, Girls Hostel, Gym, Library, Sports, Cafeteria, Auditorium, Medical/Hospital, IT Infrastructure, Laboratories, Convenience Store, Alumni Associations, Parking Facility, Banks Facilities",Nagpur,Maharashtra,India,Private,442916.6667
11,81,Shri Ramdeobaba College of Engineering and Management,Civil Engineering, Nagpur,JEE,2963,107,4853,88,5067,89.4732118,5939,88.2289171,Co-Ed,,4685,256,1984,1.75,"Rashtrasant Tukadoji Maharaj Nagpur University, Nagpur","Boys Hostel, Girls Hostel, Gym, Library, Sports, Cafeteria, Auditorium, Medical/Hospital, IT Infrastructure, Laboratories, Convenience Store, Alumni Associations, Parking Facility, Banks Facilities",Nagpur,Maharashtra,India,Private,442916.6667
12,82,Shri Ramdeobaba College of Engineering and Management,Civil Engineering, Nagpur,JEE,2963,107,4853,88,5067,89.4732118,6111,87.9271554,Co-Ed,,4685,256,1984,1.06,"Rashtrasant Tukadoji Maharaj Nagpur University, Nagpur","Boys Hostel, Girls Hostel, Gym, Library, Sports, Cafeteria, Auditorium, Medical/Hospital, IT Infrastructure, Laboratories, Convenience Store, Alumni Associations, Parking Facility, Banks Facilities",Nagpur,Maharashtra,India,Private,442916.6667
13,83,Shri Ramdeobaba College of Engineering and Management,Civil Engineering, Nagpur,JEE,2963,107,4853,88,5306,89.179415,5939,88.2289171,Co-Ed,,4685,256,1984,1.49,"Rashtrasant Tukadoji Maharaj Nagpur University, Nagpur","Boys Hostel, Girls Hostel, Gym, Library, Sports, Cafeteria, Auditorium, Medical/Hospital, IT Infrastructure, Laboratories, Convenience Store, Alumni Associations, Parking Facility, Banks Facilities",Nagpur,Maharashtra,India,Private,442916.6667
14,84,Shri Ramdeobaba College of Engineering and Management,Civil Engineering, Nagpur,JEE,2963,107,4853,88,5306,89.179415,6111,87.9271554,Co-Ed,,4685,256,1984,1.93,"Rashtrasant Tukadoji Maharaj Nagpur University, Nagpur","Boys Hostel, Girls Hostel, Gym, Library, Sports, Cafeteria, Auditorium, Medical/Hospital, IT Infrastructure, Laboratories, Convenience Store, Alumni Associations, Parking Facility, Banks Facilities",Nagpur,Maharashtra,India,Private,442916.6667
15,116,Shri Ramdeobaba College of Engineering and Management,Electronics Engineering, Nagpur,JEE,4643,90,2816,109,3678,91.6238781,3315,92.1371141,Co-Ed,,4685,256,1984,2.3,"Rashtrasant Tukadoji Maharaj Nagpur University, Nagpur","Boys Hostel, Girls Hostel, Gym, Library, Sports, Cafeteria, Auditorium, Medical/Hospital, IT Infrastructure, Laboratories, Convenience Store, Alumni Associations, Parking Facility, Banks Facilities",Nagpur,Maharashtra,India,Private,442916.6667
16,117,Shri Ramdeobaba College of Engineering and Management,Electronics Engineering, Nagpur,JEE,4643,90,2816,109,3784,91.4431022,3315,92.1371141,Co-Ed,,4685,256,1984,2.37,"Rashtrasant Tukadoji Maharaj Nagpur University, Nagpur","Boys Hostel, Girls Hostel, Gym, Library, Sports, Cafeteria, Auditorium, Medical/Hospital, IT Infrastructure, Laboratories, Convenience Store, Alumni Associations, Parking Facility, Banks Facilities",Nagpur,Maharashtra,India,Private,442916.6667
17,118,Shri Ramdeobaba College of Engineering and Management,Electronics Engineering, Nagpur,JEE,4643,90,5314,85,3678,91.6238781,3315,92.1371141,Co-Ed,,4685,256,1984,2.08,"Rashtrasant Tukadoji Maharaj Nagpur University, Nagpur","Boys Hostel, Girls Hostel, Gym, Library, Sports, Cafeteria, Auditorium, Medical/Hospital, IT Infrastructure, Laboratories, Convenience Store, Alumni Associations, Parking Facility, Banks Facilities",Nagpur,Maharashtra,India,Private,442916.6667
18,119,Shri Ramdeobaba College of Engineering and Management,Electronics Engineering, Nagpur,JEE,4643,90,5314,85,3784,91.4431022,3315,92.1371141,Co-Ed,,4685,256,1984,2.32,"Rashtrasant Tukadoji Maharaj Nagpur University, Nagpur","Boys Hostel, Girls Hostel, Gym, Library, Sports, Cafeteria, Auditorium, Medical/Hospital, IT Infrastructure, Laboratories, Convenience Store, Alumni Associations, Parking Facility, Banks Facilities",Nagpur,Maharashtra,India,Private,442916.6667
19,120,Shri Ramdeobaba College of Engineering and Management,Electronics Engineering, Nagpur,JEE,4828,88,2816,109,3678,91.6238781,3315,92.1371141,Co-Ed,,4685,256,1984,2.31,"Rashtrasant Tukadoji Maharaj Nagpur University, Nagpur","Boys Hostel, Girls Hostel, Gym, Library, Sports, Cafeteria, Auditorium, Medical/Hospital, IT Infrastructure, Laboratories, Convenience Store, Alumni Associations, Parking Facility, Banks Facilities",Nagpur,Maharashtra,India,Private,442916.6667
20,121,Shri Ramdeobaba College of Engineering and Management,Electronics Engineering, Nagpur,JEE,4828,88,2816,109,3784,91.4431022,3315,92.1371141,Co-Ed,,4685,256,1984,2.06,"Rashtrasant Tukadoji Maharaj Nagpur University, Nagpur","Boys Hostel, Girls Hostel, Gym, Library, Sports, Cafeteria, Auditorium, Medical/Hospital, IT Infrastructure, Laboratories, Convenience Store, Alumni Associations, Parking Facility, Banks Facilities",Nagpur,Maharashtra,India,Private,442916.6667
21,122,Shri Ramdeobaba College of Engineering and Management,Electronics Engineering, Nagpur,JEE,4828,88,5314,85,3678,91.6238781,3315,92.1371141,Co-Ed,,4685,256,1984,2,"Rashtrasant Tukadoji Maharaj Nagpur University, Nagpur","Boys Hostel, Girls Hostel, Gym, Library, Sports, Cafeteria, Auditorium, Medical/Hospital, IT Infrastructure, Laboratories, Convenience Store, Alumni Associations, Parking Facility, Banks Facilities",Nagpur,Maharashtra,India,Private,442916.6667
22,123,Shri Ramdeobaba College of Engineering and Management,Electronics Engineering, Nagpur,JEE,4828,88,5314,85,3784,91.4431022,3315,92.1371141,Co-Ed,,4685,256,1984,2.19,"Rashtrasant Tukadoji Maharaj Nagpur University, Nagpur","Boys Hostel, Girls Hostel, Gym, Library, Sports, Cafeteria, Auditorium, Medical/Hospital, IT Infrastructure, Laboratories, Convenience Store, Alumni Associations, Parking Facility, Banks Facilities",Nagpur,Maharashtra,India,Private,442916.6667
23,39,Don Bosco Institute of Technology,Computer Engineering, Mumbai,JEE,1910,123,2015,121,2982,92.6070387,4099,90.9951692,Co-Ed,36 Acres,2654,222,2001,2.41,"Visvesvaraya Technological University, Belagavi","Boys Hostel, Girls Hostel, Gym, Library, Sports, Cafeteria, Auditorium, Medical/Hospital, Wifi, IT Infrastructure, Transport, Laboratories, Alumni Associations, Banks Facilities",Bengaluru,Karnataka,India,Private,175272.7273
24,39,Don Bosco Institute of Technology,Computer Engineering, Mumbai,JEE,1910,123,2015,121,2982,92.6070387,4099,90.9951692,Co-Ed,,1547,90,2001,2.13,"University of Mumbai, Mumbai","Gym, Library, Sports, Cafeteria, Auditorium, Wifi, IT Infrastructure, Laboratories, Alumni Associations",Mumbai,Maharashtra,India,Private,496000
25,88,Don Bosco Institute of Technology,Information Technology, Mumbai,JEE,3448,101,3274,103,4472,90.3765335,2891,92.7635149,Co-Ed,36 Acres,2654,222,2001,2.34,"Visvesvaraya Technological University, Belagavi","Boys Hostel, Girls Hostel, Gym, Library, Sports, Cafeteria, Auditorium, Medical/Hospital, Wifi, IT Infrastructure, Transport, Laboratories, Alumni Associations, Banks Facilities",Bengaluru,Karnataka,India,Private,175272.7273
26,88,Don Bosco Institute of Technology,Information Technology, Mumbai,JEE,3448,101,3274,103,4472,90.3765335,2891,92.7635149,Co-Ed,,1547,90,2001,2.03,"University of Mumbai, Mumbai","Gym, Library, Sports, Cafeteria, Auditorium, Wifi, IT Infrastructure, Laboratories, Alumni Associations",Mumbai,Maharashtra,India,Private,496000
27,93,Don Bosco Institute of Technology,Mechanical Engineering, Mumbai,JEE,3787,98,4912,88,33880,52.9664503,16097,75.1591082,Co-Ed,36 Acres,2654,222,2001,1.22,"Visvesvaraya Technological University, Belagavi","Boys Hostel, Girls Hostel, Gym, Library, Sports, Cafeteria, Auditorium, Medical/Hospital, Wifi, IT Infrastructure, Transport, Laboratories, Alumni Associations, Banks Facilities",Bengaluru,Karnataka,India,Private,175272.7273
28,93,Don Bosco Institute of Technology,Mechanical Engineering, Mumbai,JEE,3787,98,4912,88,33880,52.9664503,16097,75.1591082,Co-Ed,,1547,90,2001,1.41,"University of Mumbai, Mumbai","Gym, Library, Sports, Cafeteria, Auditorium, Wifi, IT Infrastructure, Laboratories, Alumni Associations",Mumbai,Maharashtra,India,Private,496000
29,94,Don Bosco Institute of Technology,Mechanical Engineering, Mumbai,JEE,3787,98,4912,88,33880,52.9664503,38904,45.7804866,Co-Ed,36 Acres,2654,222,2001,1.94,"Visvesvaraya Technological University, Belagavi","Boys Hostel, Girls Hostel, Gym, Library, Sports, Cafeteria, Auditorium, Medical/Hospital, Wifi, IT Infrastructure, Transport, Laboratories, Alumni Associations, Banks Facilities",Bengaluru,Karnataka,India,Private,175272.7273
30,94,Don Bosco Institute of Technology,Mechanical Engineering, Mumbai,JEE,3787,98,4912,88,33880,52.9664503,38904,45.7804866,Co-Ed,,1547,90,2001,1.33,"University of Mumbai, Mumbai","Gym, Library, Sports, Cafeteria, Auditorium, Wifi, IT Infrastructure, Laboratories, Alumni Associations",Mumbai,Maharashtra,India,Private,496000
31,95,Don Bosco Institute of Technology,Mechanical Engineering, Mumbai,JEE,3787,98,4912,88,33880,52.9664503,50657,22.7953366,Co-Ed,36 Acres,2654,222,2001,1.62,"Visvesvaraya Technological University, Belagavi","Boys Hostel, Girls Hostel, Gym, Library, Sports, Cafeteria, Auditorium, Medical/Hospital, Wifi, IT Infrastructure, Transport, Laboratories, Alumni Associations, Banks Facilities",Bengaluru,Karnataka,India,Private,175272.7273
32,95,Don Bosco Institute of Technology,Mechanical Engineering, Mumbai,JEE,3787,98,4912,88,33880,52.9664503,50657,22.7953366,Co-Ed,,1547,90,2001,1.86,"University of Mumbai, Mumbai","Gym, Library, Sports, Cafeteria, Auditorium, Wifi, IT Infrastructure, Laboratories, Alumni Associations",Mumbai,Maharashtra,India,Private,496000
33,40,Thakur College of Engineering and Technology,Computer Engineering, Kandivali,JEE,1928,123,3047,106,1891,94.3815612,1818,94.4600576,Co-Ed,3 Acres,3193,135,2001,2.81,"University of Mumbai, Mumbai","Boys Hostel, Gym, Library, Sports, Cafeteria, Auditorium, Medical/Hospital, Wifi, IT Infrastructure, Laboratories, Convenience Store, Alumni Associations, Guest Room, Banks Facilities",Mumbai,Maharashtra,India,Private,491666.6667
34,89,Thakur College of Engineering and Technology,Information Technology, Kandivali,JEE,3548,100,3739,98,2860,92.7866138,1907,94.3664854,Co-Ed,3 Acres,3193,135,2001,2.45,"University of Mumbai, Mumbai","Boys Hostel, Gym, Library, Sports, Cafeteria, Auditorium, Medical/Hospital, Wifi, IT Infrastructure, Laboratories, Convenience Store, Alumni Associations, Guest Room, Banks Facilities",Mumbai,Maharashtra,India,Private,491666.6667
35,115,Thakur College of Engineering and Technology,Mechanical Engineering, Kandivali,JEE,4249,93,3867,97,6228,87.7810287,10657,81.707368,Co-Ed,3 Acres,3193,135,2001,1.59,"University of Mumbai, Mumbai","Boys Hostel, Gym, Library, Sports, Cafeteria, Auditorium, Medical/Hospital, Wifi, IT Infrastructure, Laboratories, Convenience Store, Alumni Associations, Guest Room, Banks Facilities",Mumbai,Maharashtra,India,Private,491666.6667
36,183,Thakur College of Engineering and Technology,Electronics Engineering, Kandivali,JEE,6733,77,4526,91,6672,87.2090374,2719,93.038669,Co-Ed,3 Acres,3193,135,2001,1.94,"University of Mumbai, Mumbai","Boys Hostel, Gym, Library, Sports, Cafeteria, Auditorium, Medical/Hospital, Wifi, IT Infrastructure, Laboratories, Convenience Store, Alumni Associations, Guest Room, Banks Facilities",Mumbai,Maharashtra,India,Private,491666.6667
37,202,Thakur College of Engineering and Technology,Civil Engineering, Kandivali,JEE,7868,72,7069,75,7743,85.6296276,17674,73.3061832,Co-Ed,3 Acres,3193,135,2001,1.52,"University of Mumbai, Mumbai","Boys Hostel, Gym, Library, Sports, Cafeteria, Auditorium, Medical/Hospital, Wifi, IT Infrastructure, Laboratories, Convenience Store, Alumni Associations, Guest Room, Banks Facilities",Mumbai,Maharashtra,India,Private,491666.6667
38,58,MKSSS's Cummins College of Engineering for Women,Computer Engineering, Karvenagar,JEE,2388,115,2716,110,1812,94.4920082,826,96.3552158,Female,4 Acres,2631,128,1991,2.7,"Savitribai Phule Pune University, Pune","Girls Hostel, Gym, Library, Sports, Cafeteria, Auditorium, Medical/Hospital, Wifi, IT Infrastructure, Laboratories, Alumni Associations, Banks Facilities",Pune,Maharashtra,India,Private,618900
39,59,MKSSS's Cummins College of Engineering for Women,Computer Engineering, Karvenagar,JEE,2388,115,2716,110,1812,94.4920082,1171,95.6435427,Female,4 Acres,2631,128,1991,2.95,"Savitribai Phule Pune University, Pune","Girls Hostel, Gym, Library, Sports, Cafeteria, Auditorium, Medical/Hospital, Wifi, IT Infrastructure, Laboratories, Alumni Associations, Banks Facilities",Pune,Maharashtra,India,Private,618900
40,60,MKSSS's Cummins College of Engineering for Women,Computer Engineering, Karvenagar,JEE,2388,115,2716,110,2343,93.63352,826,96.3552158,Female,4 Acres,2631,128,1991,2.38,"Savitribai Phule Pune University, Pune","Girls Hostel, Gym, Library, Sports, Cafeteria, Auditorium, Medical/Hospital, Wifi, IT Infrastructure, Laboratories, Alumni Associations, Banks Facilities",Pune,Maharashtra,India,Private,618900
41,61,MKSSS's Cummins College of Engineering for Women,Computer Engineering, Karvenagar,JEE,2388,115,2716,110,2343,93.63352,1171,95.6435427,Female,4 Acres,2631,128,1991,2.36,"Savitribai Phule Pune University, Pune","Girls Hostel, Gym, Library, Sports, Cafeteria, Auditorium, Medical/Hospital, Wifi, IT Infrastructure, Laboratories, Alumni Associations, Banks Facilities",Pune,Maharashtra,India,Private,618900
42,62,MKSSS's Cummins College of Engineering for Women,Computer Engineering, Karvenagar,JEE,2388,115,3311,103,1812,94.4920082,826,96.3552158,Female,4 Acres,2631,128,1991,2.92,"Savitribai Phule Pune University, Pune","Girls Hostel, Gym, Library, Sports, Cafeteria, Auditorium, Medical/Hospital, Wifi, IT Infrastructure, Laboratories, Alumni Associations, Banks Facilities",Pune,Maharashtra,India,Private,618900
43,63,MKSSS's Cummins College of Engineering for Women,Computer Engineering, Karvenagar,JEE,2388,115,3311,103,1812,94.4920082,1171,95.6435427,Female,4 Acres,2631,128,1991,2.89,"Savitribai Phule Pune University, Pune","Girls Hostel, Gym, Library, Sports, Cafeteria, Auditorium, Medical/Hospital, Wifi, IT Infrastructure, Laboratories, Alumni Associations, Banks Facilities",Pune,Maharashtra,India,Private,618900
44,64,MKSSS's Cummins College of Engineering for Women,Computer Engineering, Karvenagar,JEE,2388,115,3311,103,2343,93.63352,826,96.3552158,Female,4 Acres,2631,128,1991,2.49,"Savitribai Phule Pune University, Pune","Girls Hostel, Gym, Library, Sports, Cafeteria, Auditorium, Medical/Hospital, Wifi, IT Infrastructure, Laboratories, Alumni Associations, Banks Facilities",Pune,Maharashtra,India,Private,618900
45,65,MKSSS's Cummins College of Engineering for Women,Computer Engineering, Karvenagar,JEE,2388,115,3311,103,2343,93.63352,1171,95.6435427,Female,4 Acres,2631,128,1991,2.46,"Savitribai Phule Pune University, Pune","Girls Hostel, Gym, Library, Sports, Cafeteria, Auditorium, Medical/Hospital, Wifi, IT Infrastructure, Laboratories, Alumni Associations, Banks Facilities",Pune,Maharashtra,India,Private,618900
46,66,MKSSS's Cummins College of Engineering for Women,Computer Engineering, Karvenagar,JEE,3307,103,2716,110,1812,94.4920082,826,96.3552158,Female,4 Acres,2631,128,1991,2.93,"Savitribai Phule Pune University, Pune","Girls Hostel, Gym, Library, Sports, Cafeteria, Auditorium, Medical/Hospital, Wifi, IT Infrastructure, Laboratories, Alumni Associations, Banks Facilities",Pune,Maharashtra,India,Private,618900
47,67,MKSSS's Cummins College of Engineering for Women,Computer Engineering, Karvenagar,JEE,3307,103,2716,110,1812,94.4920082,1171,95.6435427,Female,4 Acres,2631,128,1991,2.92,"Savitribai Phule Pune University, Pune","Girls Hostel, Gym, Library, Sports, Cafeteria, Auditorium, Medical/Hospital, Wifi, IT Infrastructure, Laboratories, Alumni Associations, Banks Facilities",Pune,Maharashtra,India,Private,618900
48,68,MKSSS's Cummins College of Engineering for Women,Computer Engineering, Karvenagar,JEE,3307,103,2716,110,2343,93.63352,826,96.3552158,Female,4 Acres,2631,128,1991,2.16,"Savitribai Phule Pune University, Pune","Girls Hostel, Gym, Library, Sports, Cafeteria, Auditorium, Medical/Hospital, Wifi, IT Infrastructure, Laboratories, Alumni Associations, Banks Facilities",Pune,Maharashtra,India,Private,618900
49,69,MKSSS's Cummins College of Engineering for Women,Computer Engineering, Karvenagar,JEE,3307,103,2716,110,2343,93.63352,1171,95.6435427,Female,4 Acres,2631,128,1991,2.03,"Savitribai Phule Pune University, Pune","Girls Hostel, Gym, Library, Sports, Cafeteria, Auditorium, Medical/Hospital, Wifi, IT Infrastructure, Laboratories, Alumni Associations, Banks Facilities",Pune,Maharashtra,India,Private,618900
50,70,MKSSS's Cummins College of Engineering for Women,Computer Engineering, Karvenagar,JEE,3307,103,3311,103,1812,94.4920082,826,96.3552158,Female,4 Acres,2631,128,1991,2.92,"Savitribai Phule Pune University, Pune","Girls Hostel, Gym, Library, Sports, Cafeteria, Auditorium, Medical/Hospital, Wifi, IT Infrastructure, Laboratories, Alumni Associations, Banks Facilities",Pune,Maharashtra,India,Private,618900
51,71,MKSSS's Cummins College of Engineering for Women,Computer Engineering, Karvenagar,JEE,3307,103,3311,103,1812,94.4920082,1171,95.6435427,Female,4 Acres,2631,128,1991,2.53,"Savitribai Phule Pune University, Pune","Girls Hostel, Gym, Library, Sports, Cafeteria, Auditorium, Medical/Hospital, Wifi, IT Infrastructure, Laboratories, Alumni Associations, Banks Facilities",Pune,Maharashtra,India,Private,618900
52,72,MKSSS's Cummins College of Engineering for Women,Computer Engineering, Karvenagar,JEE,3307,103,3311,103,2343,93.63352,826,96.3552158,Female,4 Acres,2631,128,1991,2.39,"Savitribai Phule Pune University, Pune","Girls Hostel, Gym, Library, Sports, Cafeteria, Auditorium, Medical/Hospital, Wifi, IT Infrastructure, Laboratories, Alumni Associations, Banks Facilities",Pune,Maharashtra,India,Private,618900
53,73,MKSSS's Cummins College of Engineering for Women,Computer Engineering, Karvenagar,JEE,3307,103,3311,103,2343,93.63352,1171,95.6435427,Female,4 Acres,2631,128,1991,2.06,"Savitribai Phule Pune University, Pune","Girls Hostel, Gym, Library, Sports, Cafeteria, Auditorium, Medical/Hospital, Wifi, IT Infrastructure, Laboratories, Alumni Associations, Banks Facilities",Pune,Maharashtra,India,Private,618900
54,96,MKSSS's Cummins College of Engineering for Women,Information Technology, Karvenagar,JEE,3894,96,3520,100,2873,92.7827663,1903,94.3664854,Female,4 Acres,2631,128,1991,2.06,"Savitribai Phule Pune University, Pune","Girls Hostel, Gym, Library, Sports, Cafeteria, Auditorium, Medical/Hospital, Wifi, IT Infrastructure, Laboratories, Alumni Associations, Banks Facilities",Pune,Maharashtra,India,Private,618900
55,196,MKSSS's Cummins College of Engineering for Women,Mechanical Engineering, Karvenagar,JEE,7166,75,7926,72,12661,79.2999634,6211,87.7871498,Female,4 Acres,2631,128,1991,1.31,"Savitribai Phule Pune University, Pune","Girls Hostel, Gym, Library, Sports, Cafeteria, Auditorium, Medical/Hospital, Wifi, IT Infrastructure, Laboratories, Alumni Associations, Banks Facilities",Pune,Maharashtra,India,Private,618900
56,76,MIT Academy of Engineering,Computer Engineering,Alandi,JEE,2508,113,3804,97,2555,93.2964586,3234,92.2386947,Co-Ed,11 Acres,3030,171,1999,2.11,"Savitribai Phule Pune University, Pune","Boys Hostel, Girls Hostel, Gym, Library, Sports, Cafeteria, Auditorium, Medical/Hospital, Wifi, IT Infrastructure, Transport, Laboratories, Alumni Associations, Parking Facility, Guest Room",Pune,Maharashtra,India,Private,500454.5455
57,114,MIT Academy of Engineering,Information Technology,Alandi,JEE,4113,94,4154,94,3205,92.2920648,3943,91.2222675,Co-Ed,11 Acres,3030,171,1999,2.08,"Savitribai Phule Pune University, Pune","Boys Hostel, Girls Hostel, Gym, Library, Sports, Cafeteria, Auditorium, Medical/Hospital, Wifi, IT Infrastructure, Transport, Laboratories, Alumni Associations, Parking Facility, Guest Room",Pune,Maharashtra,India,Private,500454.5455
58,136,MIT Academy of Engineering,Mechanical Engineering,Alandi,JEE,5145,86,5717,82,17045,74.0129969,19561,70.9815068,Co-Ed,11 Acres,3030,171,1999,1.79,"Savitribai Phule Pune University, Pune","Boys Hostel, Girls Hostel, Gym, Library, Sports, Cafeteria, Auditorium, Medical/Hospital, Wifi, IT Infrastructure, Transport, Laboratories, Alumni Associations, Parking Facility, Guest Room",Pune,Maharashtra,India,Private,500454.5455
59,143,MIT Academy of Engineering,Chemical Engineering,Alandi,JEE,5655,83,8206,70,13437,78.4246409,18713,71.9640107,Co-Ed,11 Acres,3030,171,1999,1.63,"Savitribai Phule Pune University, Pune","Boys Hostel, Girls Hostel, Gym, Library, Sports, Cafeteria, Auditorium, Medical/Hospital, Wifi, IT Infrastructure, Transport, Laboratories, Alumni Associations, Parking Facility, Guest Room",Pune,Maharashtra,India,Private,500454.5455
60,180,MIT Academy of Engineering,Civil Engineering,Alandi,JEE,6178,80,6408,79,11637,80.470773,12310,79.7610105,Co-Ed,11 Acres,3030,171,1999,1.91,"Savitribai Phule Pune University, Pune","Boys Hostel, Girls Hostel, Gym, Library, Sports, Cafeteria, Auditorium, Medical/Hospital, Wifi, IT Infrastructure, Transport, Laboratories, Alumni Associations, Parking Facility, Guest Room",Pune,Maharashtra,India,Private,500454.5455
61,201,MIT Academy of Engineering,Electronics Engineering,Alandi,JEE,7598,73,9413,66,15244,76.1275799,18005,72.8849174,Co-Ed,11 Acres,3030,171,1999,1.17,"Savitribai Phule Pune University, Pune","Boys Hostel, Girls Hostel, Gym, Library, Sports, Cafeteria, Auditorium, Medical/Hospital, Wifi, IT Infrastructure, Transport, Laboratories, Alumni Associations, Parking Facility, Guest Room",Pune,Maharashtra,India,Private,500454.5455
62,86,Bharati Vidyapeeth's College of Engineering,Computer Engineering,Lavale,JEE,3132,105,5136,86,3514,91.8403514,4730,89.9667109,Co-Ed,,2150,96,1999,2.47,"Guru Gobind Singh Indraprastha University, Delhi","Girls Hostel, Gym, Library, Sports, Cafeteria, Auditorium, Medical/Hospital, IT Infrastructure, Laboratories, Alumni Associations",New Delhi,Delhi,India,Private,443000
63,86,Bharati Vidyapeeth's College of Engineering,Computer Engineering,Lavale,JEE,3132,105,5136,86,3514,91.8403514,4730,89.9667109,Co-Ed,10 Acres,793,43,2012,2.41,"Savitribai Phule Pune University, Pune","Boys Hostel, Girls Hostel, Gym, Library, Sports, Cafeteria, Auditorium, Medical/Hospital, Wifi, IT Infrastructure, Transport, Laboratories, Alumni Associations, Guest Room",Lavale,Maharashtra,India,Private,283200
64,86,Bharati Vidyapeeth's College of Engineering,Computer Engineering,Lavale,JEE,3132,105,5136,86,3514,91.8403514,4730,89.9667109,Co-Ed,10 Acres,1317,51,2001,2.16,"Shivaji University, Kolhapur","Boys Hostel, Girls Hostel, Gym, Library, Sports, Cafeteria, Auditorium, Medical/Hospital, Wifi, IT Infrastructure, Transport, Laboratories, Alumni Associations, Guest Room",Kolhapur,Maharashtra,India,Private,228857.1429
65,456,Bharati Vidyapeeth's College of Engineering,Civil Engineering,Lavale,JEE,15542,51,20653,44,38998,45.5906789,26546,62.6356061,Co-Ed,,2150,96,1999,1.67,"Guru Gobind Singh Indraprastha University, Delhi","Girls Hostel, Gym, Library, Sports, Cafeteria, Auditorium, Medical/Hospital, IT Infrastructure, Laboratories, Alumni Associations",New Delhi,Delhi,India,Private,443000
66,456,Bharati Vidyapeeth's College of Engineering,Civil Engineering,Lavale,JEE,15542,51,20653,44,38998,45.5906789,26546,62.6356061,Co-Ed,10 Acres,793,43,2012,1.46,"Savitribai Phule Pune University, Pune","Boys Hostel, Girls Hostel, Gym, Library, Sports, Cafeteria, Auditorium, Medical/Hospital, Wifi, IT Infrastructure, Transport, Laboratories, Alumni Associations, Guest Room",Lavale,Maharashtra,India,Private,283200
67,456,Bharati Vidyapeeth's College of Engineering,Civil Engineering,Lavale,JEE,15542,51,20653,44,38998,45.5906789,26546,62.6356061,Co-Ed,10 Acres,1317,51,2001,1.35,"Shivaji University, Kolhapur","Boys Hostel, Girls Hostel, Gym, Library, Sports, Cafeteria, Auditorium, Medical/Hospital, Wifi, IT Infrastructure, Transport, Laboratories, Alumni Associations, Guest Room",Kolhapur,Maharashtra,India,Private,228857.1429
68,457,Bharati Vidyapeeth's College of Engineering,Civil Engineering,Lavale,JEE,15542,51,20653,44,38998,45.5906789,43868,37.75596,Co-Ed,,2150,96,1999,1.54,"Guru Gobind Singh Indraprastha University, Delhi","Girls Hostel, Gym, Library, Sports, Cafeteria, Auditorium, Medical/Hospital, IT Infrastructure, Laboratories, Alumni Associations",New Delhi,Delhi,India,Private,443000
69,457,Bharati Vidyapeeth's College of Engineering,Civil Engineering,Lavale,JEE,15542,51,20653,44,38998,45.5906789,43868,37.75596,Co-Ed,10 Acres,793,43,2012,1.46,"Savitribai Phule Pune University, Pune","Boys Hostel, Girls Hostel, Gym, Library, Sports, Cafeteria, Auditorium, Medical/Hospital, Wifi, IT Infrastructure, Transport, Laboratories, Alumni Associations, Guest Room",Lavale,Maharashtra,India,Private,283200
70,457,Bharati Vidyapeeth's College of Engineering,Civil Engineering,Lavale,JEE,15542,51,20653,44,38998,45.5906789,43868,37.75596,Co-Ed,10 Acres,1317,51,2001,1.82,"Shivaji University, Kolhapur","Boys Hostel, Girls Hostel, Gym, Library, Sports, Cafeteria, Auditorium, Medical/Hospital, Wifi, IT Infrastructure, Transport, Laboratories, Alumni Associations, Guest Room",Kolhapur,Maharashtra,India,Private,228857.1429
71,87,Vidyalankar Institute of Technology,Computer Engineering,Wadala,JEE,3228,104,3710,98,2861,92.7827663,3274,92.2061383,Co-Ed,11 Acres,3563,167,1999,2.11,"University of Mumbai, Mumbai","Boys Hostel, Girls Hostel, Gym, Library, Sports, Cafeteria, Medical/Hospital, Wifi, IT Infrastructure, Laboratories, Convenience Store, Alumni Associations, Parking Facility",Mumbai,Maharashtra,India,Private,433583.3333
72,135,Vidyalankar Institute of Technology,Information Technology,Wadala,JEE,5026,87,5589,83,4719,89.9667109,3850,91.3844507,Co-Ed,11 Acres,3563,167,1999,2.38,"University of Mumbai, Mumbai","Boys Hostel, Girls Hostel, Gym, Library, Sports, Cafeteria, Medical/Hospital, Wifi, IT Infrastructure, Laboratories, Convenience Store, Alumni Associations, Parking Facility",Mumbai,Maharashtra,India,Private,433583.3333
73,372,Vidyalankar Institute of Technology,Bio Medical Engineering,Wadala,JEE,12314,59,14548,54,23183,66.7475854,29640,58.5627464,Co-Ed,11 Acres,3563,167,1999,1.26,"University of Mumbai, Mumbai","Boys Hostel, Girls Hostel, Gym, Library, Sports, Cafeteria, Medical/Hospital, Wifi, IT Infrastructure, Laboratories, Convenience Store, Alumni Associations, Parking Facility",Mumbai,Maharashtra,India,Private,433583.3333
74,381,Vidyalankar Institute of Technology,Electronics Engineering,Wadala,JEE,13327,56,14703,53,18915,71.7920906,49900,24.5298782,Co-Ed,11 Acres,3563,167,1999,1.38,"University of Mumbai, Mumbai","Boys Hostel, Girls Hostel, Gym, Library, Sports, Cafeteria, Medical/Hospital, Wifi, IT Infrastructure, Laboratories, Convenience Store, Alumni Associations, Parking Facility",Mumbai,Maharashtra,India,Private,433583.3333
75,98,Sinhgad College of Engineering,Computer Engineering, Vadgaon (BK),JEE,4014,95,5202,85,4102,90.9951692,4436,90.4590322,Co-Ed,5 Acres,5292,300,1996,2.43,"Savitribai Phule Pune University, Pune","Boys Hostel, Girls Hostel, Library, Sports, Cafeteria, Auditorium, Wifi, IT Infrastructure, Swimming Pool, Alumni Associations",Pune,Maharashtra,India,Private,400476.1905
76,99,Sinhgad College of Engineering,Computer Engineering, Vadgaon (BK),JEE,4014,95,5202,85,4102,90.9951692,4822,89.8782776,Co-Ed,5 Acres,5292,300,1996,2.26,"Savitribai Phule Pune University, Pune","Boys Hostel, Girls Hostel, Library, Sports, Cafeteria, Auditorium, Wifi, IT Infrastructure, Swimming Pool, Alumni Associations",Pune,Maharashtra,India,Private,400476.1905
77,100,Sinhgad College of Engineering,Computer Engineering, Vadgaon (BK),JEE,4014,95,5202,85,4685,90.0166412,4436,90.4590322,Co-Ed,5 Acres,5292,300,1996,2.42,"Savitribai Phule Pune University, Pune","Boys Hostel, Girls Hostel, Library, Sports, Cafeteria, Auditorium, Wifi, IT Infrastructure, Swimming Pool, Alumni Associations",Pune,Maharashtra,India,Private,400476.1905
78,101,Sinhgad College of Engineering,Computer Engineering, Vadgaon (BK),JEE,4014,95,5202,85,4685,90.0166412,4822,89.8782776,Co-Ed,5 Acres,5292,300,1996,2.29,"Savitribai Phule Pune University, Pune","Boys Hostel, Girls Hostel, Library, Sports, Cafeteria, Auditorium, Wifi, IT Infrastructure, Swimming Pool, Alumni Associations",Pune,Maharashtra,India,Private,400476.1905
79,102,Sinhgad College of Engineering,Computer Engineering, Vadgaon (BK),JEE,4014,95,5826,82,4102,90.9951692,4436,90.4590322,Co-Ed,5 Acres,5292,300,1996,2.41,"Savitribai Phule Pune University, Pune","Boys Hostel, Girls Hostel, Library, Sports, Cafeteria, Auditorium, Wifi, IT Infrastructure, Swimming Pool, Alumni Associations",Pune,Maharashtra,India,Private,400476.1905
80,103,Sinhgad College of Engineering,Computer Engineering, Vadgaon (BK),JEE,4014,95,5826,82,4102,90.9951692,4822,89.8782776,Co-Ed,5 Acres,5292,300,1996,2.17,"Savitribai Phule Pune University, Pune","Boys Hostel, Girls Hostel, Library, Sports, Cafeteria, Auditorium, Wifi, IT Infrastructure, Swimming Pool, Alumni Associations",Pune,Maharashtra,India,Private,400476.1905
81,104,Sinhgad College of Engineering,Computer Engineering, Vadgaon (BK),JEE,4014,95,5826,82,4685,90.0166412,4436,90.4590322,Co-Ed,5 Acres,5292,300,1996,2.45,"Savitribai Phule Pune University, Pune","Boys Hostel, Girls Hostel, Library, Sports, Cafeteria, Auditorium, Wifi, IT Infrastructure, Swimming Pool, Alumni Associations",Pune,Maharashtra,India,Private,400476.1905
82,105,Sinhgad College of Engineering,Computer Engineering, Vadgaon (BK),JEE,4014,95,5826,82,4685,90.0166412,4822,89.8782776,Co-Ed,5 Acres,5292,300,1996,2.43,"Savitribai Phule Pune University, Pune","Boys Hostel, Girls Hostel, Library, Sports, Cafeteria, Auditorium, Wifi, IT Infrastructure, Swimming Pool, Alumni Associations",Pune,Maharashtra,India,Private,400476.1905
83,106,Sinhgad College of Engineering,Computer Engineering, Vadgaon (BK),JEE,4319,92,5202,85,4102,90.9951692,4436,90.4590322,Co-Ed,5 Acres,5292,300,1996,2.16,"Savitribai Phule Pune University, Pune","Boys Hostel, Girls Hostel, Library, Sports, Cafeteria, Auditorium, Wifi, IT Infrastructure, Swimming Pool, Alumni Associations",Pune,Maharashtra,India,Private,400476.1905
84,107,Sinhgad College of Engineering,Computer Engineering, Vadgaon (BK),JEE,4319,92,5202,85,4102,90.9951692,4822,89.8782776,Co-Ed,5 Acres,5292,300,1996,2.3,"Savitribai Phule Pune University, Pune","Boys Hostel, Girls Hostel, Library, Sports, Cafeteria, Auditorium, Wifi, IT Infrastructure, Swimming Pool, Alumni Associations",Pune,Maharashtra,India,Private,400476.1905
85,108,Sinhgad College of Engineering,Computer Engineering, Vadgaon (BK),JEE,4319,92,5202,85,4685,90.0166412,4436,90.4590322,Co-Ed,5 Acres,5292,300,1996,2.09,"Savitribai Phule Pune University, Pune","Boys Hostel, Girls Hostel, Library, Sports, Cafeteria, Auditorium, Wifi, IT Infrastructure, Swimming Pool, Alumni Associations",Pune,Maharashtra,India,Private,400476.1905
86,109,Sinhgad College of Engineering,Computer Engineering, Vadgaon (BK),JEE,4319,92,5202,85,4685,90.0166412,4822,89.8782776,Co-Ed,5 Acres,5292,300,1996,2.15,"Savitribai Phule Pune University, Pune","Boys Hostel, Girls Hostel, Library, Sports, Cafeteria, Auditorium, Wifi, IT Infrastructure, Swimming Pool, Alumni Associations",Pune,Maharashtra,India,Private,400476.1905
87,110,Sinhgad College of Engineering,Computer Engineering, Vadgaon (BK),JEE,4319,92,5826,82,4102,90.9951692,4436,90.4590322,Co-Ed,5 Acres,5292,300,1996,2.21,"Savitribai Phule Pune University, Pune","Boys Hostel, Girls Hostel, Library, Sports, Cafeteria, Auditorium, Wifi, IT Infrastructure, Swimming Pool, Alumni Associations",Pune,Maharashtra,India,Private,400476.1905
88,111,Sinhgad College of Engineering,Computer Engineering, Vadgaon (BK),JEE,4319,92,5826,82,4102,90.9951692,4822,89.8782776,Co-Ed,5 Acres,5292,300,1996,2.16,"Savitribai Phule Pune University, Pune","Boys Hostel, Girls Hostel, Library, Sports, Cafeteria, Auditorium, Wifi, IT Infrastructure, Swimming Pool, Alumni Associations",Pune,Maharashtra,India,Private,400476.1905
89,112,Sinhgad College of Engineering,Computer Engineering, Vadgaon (BK),JEE,4319,92,5826,82,4685,90.0166412,4436,90.4590322,Co-Ed,5 Acres,5292,300,1996,2.33,"Savitribai Phule Pune University, Pune","Boys Hostel, Girls Hostel, Library, Sports, Cafeteria, Auditorium, Wifi, IT Infrastructure, Swimming Pool, Alumni Associations",Pune,Maharashtra,India,Private,400476.1905
90,113,Sinhgad College of Engineering,Computer Engineering, Vadgaon (BK),JEE,4319,92,5826,82,4685,90.0166412,4822,89.8782776,Co-Ed,5 Acres,5292,300,1996,2.25,"Savitribai Phule Pune University, Pune","Boys Hostel, Girls Hostel, Library, Sports, Cafeteria, Auditorium, Wifi, IT Infrastructure, Swimming Pool, Alumni Associations",Pune,Maharashtra,India,Private,400476.1905
91,317,Sinhgad College of Engineering,Chemical Engineering, Vadgaon (BK),JEE,10646,63,16362,50,22727,67.1137277,37040,48.5331918,Co-Ed,5 Acres,5292,300,1996,1.88,"Savitribai Phule Pune University, Pune","Boys Hostel, Girls Hostel, Library, Sports, Cafeteria, Auditorium, Wifi, IT Infrastructure, Swimming Pool, Alumni Associations",Pune,Maharashtra,India,Private,400476.1905
92,318,Sinhgad College of Engineering,Chemical Engineering, Vadgaon (BK),JEE,10646,63,16362,50,22727,67.1137277,39579,44.4346883,Co-Ed,5 Acres,5292,300,1996,1.91,"Savitribai Phule Pune University, Pune","Boys Hostel, Girls Hostel, Library, Sports, Cafeteria, Auditorium, Wifi, IT Infrastructure, Swimming Pool, Alumni Associations",Pune,Maharashtra,India,Private,400476.1905
93,319,Sinhgad College of Engineering,Chemical Engineering, Vadgaon (BK),JEE,10646,63,16362,50,22727,67.1137277,39638,44.4053173,Co-Ed,5 Acres,5292,300,1996,1.13,"Savitribai Phule Pune University, Pune","Boys Hostel, Girls Hostel, Library, Sports, Cafeteria, Auditorium, Wifi, IT Infrastructure, Swimming Pool, Alumni Associations",Pune,Maharashtra,India,Private,400476.1905
94,427,Sinhgad College of Engineering,Civil Engineering, Vadgaon (BK),JEE,14031,55,15863,51,19566,70.9815068,33311,53.5861512,Co-Ed,5 Acres,5292,300,1996,1.54,"Savitribai Phule Pune University, Pune","Boys Hostel, Girls Hostel, Library, Sports, Cafeteria, Auditorium, Wifi, IT Infrastructure, Swimming Pool, Alumni Associations",Pune,Maharashtra,India,Private,400476.1905
95,428,Sinhgad College of Engineering,Civil Engineering, Vadgaon (BK),JEE,14031,55,15863,51,19566,70.9815068,39227,45.0374181,Co-Ed,5 Acres,5292,300,1996,1.76,"Savitribai Phule Pune University, Pune","Boys Hostel, Girls Hostel, Library, Sports, Cafeteria, Auditorium, Wifi, IT Infrastructure, Swimming Pool, Alumni Associations",Pune,Maharashtra,India,Private,400476.1905
96,429,Sinhgad College of Engineering,Civil Engineering, Vadgaon (BK),JEE,14031,55,15863,51,26338,62.7368048,33311,53.5861512,Co-Ed,5 Acres,5292,300,1996,1.59,"Savitribai Phule Pune University, Pune","Boys Hostel, Girls Hostel, Library, Sports, Cafeteria, Auditorium, Wifi, IT Infrastructure, Swimming Pool, Alumni Associations",Pune,Maharashtra,India,Private,400476.1905
97,430,Sinhgad College of Engineering,Civil Engineering, Vadgaon (BK),JEE,14031,55,15863,51,26338,62.7368048,39227,45.0374181,Co-Ed,5 Acres,5292,300,1996,1.28,"Savitribai Phule Pune University, Pune","Boys Hostel, Girls Hostel, Library, Sports, Cafeteria, Auditorium, Wifi, IT Infrastructure, Swimming Pool, Alumni Associations",Pune,Maharashtra,India,Private,400476.1905
98,431,Sinhgad College of Engineering,Civil Engineering, Vadgaon (BK),JEE,14031,55,17029,49,19566,70.9815068,33311,53.5861512,Co-Ed,5 Acres,5292,300,1996,1.83,"Savitribai Phule Pune University, Pune","Boys Hostel, Girls Hostel, Library, Sports, Cafeteria, Auditorium, Wifi, IT Infrastructure, Swimming Pool, Alumni Associations",Pune,Maharashtra,India,Private,400476.1905
99,432,Sinhgad College of Engineering,Civil Engineering, Vadgaon (BK),JEE,14031,55,17029,49,19566,70.9815068,39227,45.0374181,Co-Ed,5 Acres,5292,300,1996,1.28,"Savitribai Phule Pune University, Pune","Boys Hostel, Girls Hostel, Library, Sports, Cafeteria, Auditorium, Wifi, IT Infrastructure, Swimming Pool, Alumni Associations",Pune,Maharashtra,India,Private,400476.1905
100,433,Sinhgad College of Engineering,Civil Engineering, Vadgaon (BK),JEE,14031,55,17029,49,26338,62.7368048,33311,53.5861512,Co-Ed,5 Acres,5292,300,1996,1.31,"Savitribai Phule Pune University, Pune","Boys Hostel, Girls Hostel, Library, Sports, Cafeteria, Auditorium, Wifi, IT Infrastructure, Swimming Pool, Alumni Associations",Pune,Maharashtra,India,Private,400476.1905
101,434,Sinhgad College of Engineering,Civil Engineering, Vadgaon (BK),JEE,14031,55,17029,49,26338,62.7368048,39227,45.0374181,Co-Ed,5 Acres,5292,300,1996,1.86,"Savitribai Phule Pune University, Pune","Boys Hostel, Girls Hostel, Library, Sports, Cafeteria, Auditorium, Wifi, IT Infrastructure, Swimming Pool, Alumni Associations",Pune,Maharashtra,India,Private,400476.1905
102,435,Sinhgad College of Engineering,Civil Engineering, Vadgaon (BK),JEE,15528,51,15863,51,19566,70.9815068,33311,53.5861512,Co-Ed,5 Acres,5292,300,1996,1.2,"Savitribai Phule Pune University, Pune","Boys Hostel, Girls Hostel, Library, Sports, Cafeteria, Auditorium, Wifi, IT Infrastructure, Swimming Pool, Alumni Associations",Pune,Maharashtra,India,Private,400476.1905
103,436,Sinhgad College of Engineering,Civil Engineering, Vadgaon (BK),JEE,15528,51,15863,51,19566,70.9815068,39227,45.0374181,Co-Ed,5 Acres,5292,300,1996,1.72,"Savitribai Phule Pune University, Pune","Boys Hostel, Girls Hostel, Library, Sports, Cafeteria, Auditorium, Wifi, IT Infrastructure, Swimming Pool, Alumni Associations",Pune,Maharashtra,India,Private,400476.1905
104,437,Sinhgad College of Engineering,Civil Engineering, Vadgaon (BK),JEE,15528,51,15863,51,26338,62.7368048,33311,53.5861512,Co-Ed,5 Acres,5292,300,1996,1.45,"Savitribai Phule Pune University, Pune","Boys Hostel, Girls Hostel, Library, Sports, Cafeteria, Auditorium, Wifi, IT Infrastructure, Swimming Pool, Alumni Associations",Pune,Maharashtra,India,Private,400476.1905
105,438,Sinhgad College of Engineering,Civil Engineering, Vadgaon (BK),JEE,15528,51,15863,51,26338,62.7368048,39227,45.0374181,Co-Ed,5 Acres,5292,300,1996,1.71,"Savitribai Phule Pune University, Pune","Boys Hostel, Girls Hostel, Library, Sports, Cafeteria, Auditorium, Wifi, IT Infrastructure, Swimming Pool, Alumni Associations",Pune,Maharashtra,India,Private,400476.1905
106,439,Sinhgad College of Engineering,Civil Engineering, Vadgaon (BK),JEE,15528,51,17029,49,19566,70.9815068,33311,53.5861512,Co-Ed,5 Acres,5292,300,1996,1.2,"Savitribai Phule Pune University, Pune","Boys Hostel, Girls Hostel, Library, Sports, Cafeteria, Auditorium, Wifi, IT Infrastructure, Swimming Pool, Alumni Associations",Pune,Maharashtra,India,Private,400476.1905
107,440,Sinhgad College of Engineering,Civil Engineering, Vadgaon (BK),JEE,15528,51,17029,49,19566,70.9815068,39227,45.0374181,Co-Ed,5 Acres,5292,300,1996,1.25,"Savitribai Phule Pune University, Pune","Boys Hostel, Girls Hostel, Library, Sports, Cafeteria, Auditorium, Wifi, IT Infrastructure, Swimming Pool, Alumni Associations",Pune,Maharashtra,India,Private,400476.1905
108,441,Sinhgad College of Engineering,Civil Engineering, Vadgaon (BK),JEE,15528,51,17029,49,26338,62.7368048,33311,53.5861512,Co-Ed,5 Acres,5292,300,1996,1.01,"Savitribai Phule Pune University, Pune","Boys Hostel, Girls Hostel, Library, Sports, Cafeteria, Auditorium, Wifi, IT Infrastructure, Swimming Pool, Alumni Associations",Pune,Maharashtra,India,Private,400476.1905
109,442,Sinhgad College of Engineering,Civil Engineering, Vadgaon (BK),JEE,15528,51,17029,49,26338,62.7368048,39227,45.0374181,Co-Ed,5 Acres,5292,300,1996,1.89,"Savitribai Phule Pune University, Pune","Boys Hostel, Girls Hostel, Library, Sports, Cafeteria, Auditorium, Wifi, IT Infrastructure, Swimming Pool, Alumni Associations",Pune,Maharashtra,India,Private,400476.1905
110,491,Sinhgad College of Engineering,Bio Technology, Vadgaon (BK),JEE,16954,49,21660,43,25140,63.9025795,51705,19.9287396,Co-Ed,5 Acres,5292,300,1996,1.27,"Savitribai Phule Pune University, Pune","Boys Hostel, Girls Hostel, Library, Sports, Cafeteria, Auditorium, Wifi, IT Infrastructure, Swimming Pool, Alumni Associations",Pune,Maharashtra,India,Private,400476.1905
111,141,Walchand Institute of Technology,Information Technology, Solapur,JEE,5498,84,11324,61,7582,85.8301142,7475,86.0316146,Co-Ed,22 Acres,2551,156,1983,1.97,"Solapur University, Solapur","Boys Hostel, Girls Hostel, Gym, Library, Sports, Cafeteria, Auditorium, Medical/Hospital, Wifi, IT Infrastructure, Laboratories, Alumni Associations",Solapur,Maharashtra,India,Private,357692.3077
112,402,Walchand Institute of Technology,Mechanical Engineering, Solapur,JEE,13675,55,9335,67,32488,54.8724746,52931,15.9270604,Co-Ed,22 Acres,2551,156,1983,1.11,"Solapur University, Solapur","Boys Hostel, Girls Hostel, Gym, Library, Sports, Cafeteria, Auditorium, Medical/Hospital, Wifi, IT Infrastructure, Laboratories, Alumni Associations",Solapur,Maharashtra,India,Private,357692.3077
113,455,Walchand Institute of Technology,Civil Engineering, Solapur,JEE,15536,51,15604,51,9154,83.7000641,9127,83.7000641,Co-Ed,22 Acres,2551,156,1983,1.13,"Solapur University, Solapur","Boys Hostel, Girls Hostel, Gym, Library, Sports, Cafeteria, Auditorium, Medical/Hospital, Wifi, IT Infrastructure, Laboratories, Alumni Associations",Solapur,Maharashtra,India,Private,357692.3077
114,142,Yeshwantrao Chavan College of Engineering,Computer Technology,Wanadongri,JEE,5603,83,4971,87,8204,85.0128714,5903,88.2292847,Co-Ed,14 Acres,,298,1984,1.96,"Rashtrasant Tukadoji Maharaj Nagpur University, Nagpur","Boys Hostel, Girls Hostel, Gym, Library, Sports, Cafeteria, Auditorium, Medical/Hospital, Wifi, IT Infrastructure, Transport, Laboratories, Swimming Pool, Banks Facilities",Nagpur,Maharashtra,India,Private,443454.5455
115,160,Yeshwantrao Chavan College of Engineering,Information Technology,Wanadongri,JEE,6095,80,6741,77,8113,85.0622493,7853,85.4368932,Co-Ed,14 Acres,,298,1984,1.93,"Rashtrasant Tukadoji Maharaj Nagpur University, Nagpur","Boys Hostel, Girls Hostel, Gym, Library, Sports, Cafeteria, Auditorium, Medical/Hospital, Wifi, IT Infrastructure, Transport, Laboratories, Swimming Pool, Banks Facilities",Nagpur,Maharashtra,India,Private,443454.5455
116,239,Yeshwantrao Chavan College of Engineering,Mechanical Engineering,Wanadongri,JEE,8595,70,10033,65,20790,69.5721052,17971,72.8887969,Co-Ed,14 Acres,,298,1984,1.53,"Rashtrasant Tukadoji Maharaj Nagpur University, Nagpur","Boys Hostel, Girls Hostel, Gym, Library, Sports, Cafeteria, Auditorium, Medical/Hospital, Wifi, IT Infrastructure, Transport, Laboratories, Swimming Pool, Banks Facilities",Nagpur,Maharashtra,India,Private,443454.5455
117,315,Yeshwantrao Chavan College of Engineering,Civil Engineering,Wanadongri,JEE,10433,63,10864,62,21102,69.2278304,17404,73.5421187,Co-Ed,14 Acres,,298,1984,1.83,"Rashtrasant Tukadoji Maharaj Nagpur University, Nagpur","Boys Hostel, Girls Hostel, Gym, Library, Sports, Cafeteria, Auditorium, Medical/Hospital, Wifi, IT Infrastructure, Transport, Laboratories, Swimming Pool, Banks Facilities",Nagpur,Maharashtra,India,Private,443454.5455
118,502,Yeshwantrao Chavan College of Engineering,Electronics Engineering,Wanadongri,JEE,18920,46,13365,56,22509,67.287223,13130,78.7086899,Co-Ed,14 Acres,,298,1984,1.14,"Rashtrasant Tukadoji Maharaj Nagpur University, Nagpur","Boys Hostel, Girls Hostel, Gym, Library, Sports, Cafeteria, Auditorium, Medical/Hospital, Wifi, IT Infrastructure, Transport, Laboratories, Swimming Pool, Banks Facilities",Nagpur,Maharashtra,India,Private,443454.5455
119,185,Atharva College of Engineering,Computer Engineering,Malad(West),JEE,6872,76,7000,75,7242,86.3334737,7427,86.0470773,Co-Ed,6 Acres,2057,130,1999,1.09,"University of Mumbai, Mumbai","Gym, Library, Sports, Cafeteria, Auditorium, Medical/Hospital, Wifi, IT Infrastructure, Laboratories, Alumni Associations, Guest Room",Mumbai,Maharashtra,India,Private,480000
120,256,Atharva College of Engineering,Information Technology,Malad(West),JEE,8632,69,7589,73,9512,83.2164625,10512,81.8931529,Co-Ed,6 Acres,2057,130,1999,1.79,"University of Mumbai, Mumbai","Gym, Library, Sports, Cafeteria, Auditorium, Medical/Hospital, Wifi, IT Infrastructure, Laboratories, Alumni Associations, Guest Room",Mumbai,Maharashtra,India,Private,480000
121,494,Atharva College of Engineering,Electronics Engineering,Malad(West),JEE,17308,49,20621,44,42817,39.3730397,29449,58.8897151,Co-Ed,6 Acres,2057,130,1999,1.57,"University of Mumbai, Mumbai","Gym, Library, Sports, Cafeteria, Auditorium, Medical/Hospital, Wifi, IT Infrastructure, Laboratories, Alumni Associations, Guest Room",Mumbai,Maharashtra,India,Private,480000
122,495,Atharva College of Engineering,Electronics Engineering,Malad(West),JEE,17308,49,20621,44,42817,39.3730397,52183,18.46003,Co-Ed,6 Acres,2057,130,1999,1.61,"University of Mumbai, Mumbai","Gym, Library, Sports, Cafeteria, Auditorium, Medical/Hospital, Wifi, IT Infrastructure, Laboratories, Alumni Associations, Guest Room",Mumbai,Maharashtra,India,Private,480000
123,198,Vidyavardhini's College of Engineering and Technology,Computer Engineering, Vasai,JEE,7410,74,7481,74,7672,85.744538,8001,85.3283287,Co-Ed,12 Acres,1809,65,1994,1.39,"University of Mumbai, Mumbai","Gym, Library, Sports, Cafeteria, Auditorium, IT Infrastructure, Laboratories",Vasai,Maharashtra,India,Private,360857.1429
124,305,Vidyavardhini's College of Engineering and Technology,Mechanical Engineering, Vasai,JEE,9691,65,10197,64,22650,67.169126,53500,14.1378096,Co-Ed,12 Acres,1809,65,1994,1.79,"University of Mumbai, Mumbai","Gym, Library, Sports, Cafeteria, Auditorium, IT Infrastructure, Laboratories",Vasai,Maharashtra,India,Private,360857.1429
125,306,Vidyavardhini's College of Engineering and Technology,Mechanical Engineering, Vasai,JEE,9691,65,10197,64,28729,59.4964083,53500,14.1378096,Co-Ed,12 Acres,1809,65,1994,1.79,"University of Mumbai, Mumbai","Gym, Library, Sports, Cafeteria, Auditorium, IT Infrastructure, Laboratories",Vasai,Maharashtra,India,Private,360857.1429
126,309,Vidyavardhini's College of Engineering and Technology,Information Technology, Vasai,JEE,9705,65,9531,66,9795,82.8349555,9989,82.529609,Co-Ed,12 Acres,1809,65,1994,1.47,"University of Mumbai, Mumbai","Gym, Library, Sports, Cafeteria, Auditorium, IT Infrastructure, Laboratories",Vasai,Maharashtra,India,Private,360857.1429
127,454,Vidyavardhini's College of Engineering and Technology,Civil Engineering, Vasai,JEE,14860,53,15489,52,30414,57.4239924,33130,53.6964731,Co-Ed,12 Acres,1809,65,1994,1.44,"University of Mumbai, Mumbai","Gym, Library, Sports, Cafeteria, Auditorium, IT Infrastructure, Laboratories",Vasai,Maharashtra,India,Private,360857.1429
128,206,Modern Education Society's College of Engineering,Computer Engineering, Pune,JEE,8414,70,7301,75,6531,87.3174834,6110,87.9271554,Co-Ed,,1904,62,1999,1.65,"Savitribai Phule Pune University, Pune","Boys Hostel, Girls Hostel, Gym, Library, Sports, Cafeteria, Auditorium, Medical/Hospital, IT Infrastructure, Laboratories, Convenience Store, Alumni Associations, Parking Facility, Guest Room, Banks Facilities",Pune,Maharashtra,India,Private,348285.7143
129,207,Modern Education Society's College of Engineering,Computer Engineering, Pune,JEE,8414,70,7301,75,6531,87.3174834,6441,87.4924247,Co-Ed,,1904,62,1999,1.63,"Savitribai Phule Pune University, Pune","Boys Hostel, Girls Hostel, Gym, Library, Sports, Cafeteria, Auditorium, Medical/Hospital, IT Infrastructure, Laboratories, Convenience Store, Alumni Associations, Parking Facility, Guest Room, Banks Facilities",Pune,Maharashtra,India,Private,348285.7143
130,208,Modern Education Society's College of Engineering,Computer Engineering, Pune,JEE,8414,70,7301,75,7026,86.5792393,6110,87.9271554,Co-Ed,,1904,62,1999,1.9,"Savitribai Phule Pune University, Pune","Boys Hostel, Girls Hostel, Gym, Library, Sports, Cafeteria, Auditorium, Medical/Hospital, IT Infrastructure, Laboratories, Convenience Store, Alumni Associations, Parking Facility, Guest Room, Banks Facilities",Pune,Maharashtra,India,Private,348285.7143
131,209,Modern Education Society's College of Engineering,Computer Engineering, Pune,JEE,8414,70,7301,75,7026,86.5792393,6441,87.4924247,Co-Ed,,1904,62,1999,1.56,"Savitribai Phule Pune University, Pune","Boys Hostel, Girls Hostel, Gym, Library, Sports, Cafeteria, Auditorium, Medical/Hospital, IT Infrastructure, Laboratories, Convenience Store, Alumni Associations, Parking Facility, Guest Room, Banks Facilities",Pune,Maharashtra,India,Private,348285.7143
132,210,Modern Education Society's College of Engineering,Computer Engineering, Pune,JEE,8414,70,9873,65,6531,87.3174834,6110,87.9271554,Co-Ed,,1904,62,1999,1.28,"Savitribai Phule Pune University, Pune","Boys Hostel, Girls Hostel, Gym, Library, Sports, Cafeteria, Auditorium, Medical/Hospital, IT Infrastructure, Laboratories, Convenience Store, Alumni Associations, Parking Facility, Guest Room, Banks Facilities",Pune,Maharashtra,India,Private,348285.7143
133,211,Modern Education Society's College of Engineering,Computer Engineering, Pune,JEE,8414,70,9873,65,6531,87.3174834,6441,87.4924247,Co-Ed,,1904,62,1999,1.7,"Savitribai Phule Pune University, Pune","Boys Hostel, Girls Hostel, Gym, Library, Sports, Cafeteria, Auditorium, Medical/Hospital, IT Infrastructure, Laboratories, Convenience Store, Alumni Associations, Parking Facility, Guest Room, Banks Facilities",Pune,Maharashtra,India,Private,348285.7143
134,212,Modern Education Society's College of Engineering,Computer Engineering, Pune,JEE,8414,70,9873,65,7026,86.5792393,6110,87.9271554,Co-Ed,,1904,62,1999,1.96,"Savitribai Phule Pune University, Pune","Boys Hostel, Girls Hostel, Gym, Library, Sports, Cafeteria, Auditorium, Medical/Hospital, IT Infrastructure, Laboratories, Convenience Store, Alumni Associations, Parking Facility, Guest Room, Banks Facilities",Pune,Maharashtra,India,Private,348285.7143
135,213,Modern Education Society's College of Engineering,Computer Engineering, Pune,JEE,8414,70,9873,65,7026,86.5792393,6441,87.4924247,Co-Ed,,1904,62,1999,1.8,"Savitribai Phule Pune University, Pune","Boys Hostel, Girls Hostel, Gym, Library, Sports, Cafeteria, Auditorium, Medical/Hospital, IT Infrastructure, Laboratories, Convenience Store, Alumni Associations, Parking Facility, Guest Room, Banks Facilities",Pune,Maharashtra,India,Private,348285.7143
136,214,Modern Education Society's College of Engineering,Computer Engineering, Pune,JEE,9288,67,7301,75,6531,87.3174834,6110,87.9271554,Co-Ed,,1904,62,1999,1.83,"Savitribai Phule Pune University, Pune","Boys Hostel, Girls Hostel, Gym, Library, Sports, Cafeteria, Auditorium, Medical/Hospital, IT Infrastructure, Laboratories, Convenience Store, Alumni Associations, Parking Facility, Guest Room, Banks Facilities",Pune,Maharashtra,India,Private,348285.7143
137,215,Modern Education Society's College of Engineering,Computer Engineering, Pune,JEE,9288,67,7301,75,6531,87.3174834,6441,87.4924247,Co-Ed,,1904,62,1999,1.79,"Savitribai Phule Pune University, Pune","Boys Hostel, Girls Hostel, Gym, Library, Sports, Cafeteria, Auditorium, Medical/Hospital, IT Infrastructure, Laboratories, Convenience Store, Alumni Associations, Parking Facility, Guest Room, Banks Facilities",Pune,Maharashtra,India,Private,348285.7143
138,216,Modern Education Society's College of Engineering,Computer Engineering, Pune,JEE,9288,67,7301,75,7026,86.5792393,6110,87.9271554,Co-Ed,,1904,62,1999,1.99,"Savitribai Phule Pune University, Pune","Boys Hostel, Girls Hostel, Gym, Library, Sports, Cafeteria, Auditorium, Medical/Hospital, IT Infrastructure, Laboratories, Convenience Store, Alumni Associations, Parking Facility, Guest Room, Banks Facilities",Pune,Maharashtra,India,Private,348285.7143
139,217,Modern Education Society's College of Engineering,Computer Engineering, Pune,JEE,9288,67,7301,75,7026,86.5792393,6441,87.4924247,Co-Ed,,1904,62,1999,1.59,"Savitribai Phule Pune University, Pune","Boys Hostel, Girls Hostel, Gym, Library, Sports, Cafeteria, Auditorium, Medical/Hospital, IT Infrastructure, Laboratories, Convenience Store, Alumni Associations, Parking Facility, Guest Room, Banks Facilities",Pune,Maharashtra,India,Private,348285.7143
140,218,Modern Education Society's College of Engineering,Computer Engineering, Pune,JEE,9288,67,9873,65,6531,87.3174834,6110,87.9271554,Co-Ed,,1904,62,1999,1.33,"Savitribai Phule Pune University, Pune","Boys Hostel, Girls Hostel, Gym, Library, Sports, Cafeteria, Auditorium, Medical/Hospital, IT Infrastructure, Laboratories, Convenience Store, Alumni Associations, Parking Facility, Guest Room, Banks Facilities",Pune,Maharashtra,India,Private,348285.7143
141,219,Modern Education Society's College of Engineering,Computer Engineering, Pune,JEE,9288,67,9873,65,6531,87.3174834,6441,87.4924247,Co-Ed,,1904,62,1999,1.01,"Savitribai Phule Pune University, Pune","Boys Hostel, Girls Hostel, Gym, Library, Sports, Cafeteria, Auditorium, Medical/Hospital, IT Infrastructure, Laboratories, Convenience Store, Alumni Associations, Parking Facility, Guest Room, Banks Facilities",Pune,Maharashtra,India,Private,348285.7143
142,220,Modern Education Society's College of Engineering,Computer Engineering, Pune,JEE,9288,67,9873,65,7026,86.5792393,6110,87.9271554,Co-Ed,,1904,62,1999,1.49,"Savitribai Phule Pune University, Pune","Boys Hostel, Girls Hostel, Gym, Library, Sports, Cafeteria, Auditorium, Medical/Hospital, IT Infrastructure, Laboratories, Convenience Store, Alumni Associations, Parking Facility, Guest Room, Banks Facilities",Pune,Maharashtra,India,Private,348285.7143
143,221,Modern Education Society's College of Engineering,Computer Engineering, Pune,JEE,9288,67,9873,65,7026,86.5792393,6441,87.4924247,Co-Ed,,1904,62,1999,1.05,"Savitribai Phule Pune University, Pune","Boys Hostel, Girls Hostel, Gym, Library, Sports, Cafeteria, Auditorium, Medical/Hospital, IT Infrastructure, Laboratories, Convenience Store, Alumni Associations, Parking Facility, Guest Room, Banks Facilities",Pune,Maharashtra,India,Private,348285.7143
144,276,Annasaheb Dange College of Engineering and Technology,Aeronautical Engineering, Ashta,JEE,9100,67,7290,75,18610,72.0753904,25342,63.8282598,Co-Ed,25 Acres,2664,166,1999,1.37,"Shivaji University, Kolhapur","Boys Hostel, Girls Hostel, Gym, Library, Sports, Cafeteria, Auditorium, Medical/Hospital, Wifi, IT Infrastructure, Classrooms, Transport, Laboratories, Alumni Associations, Parking Facility, Guest Room, Banks Facilities",Ashta,Maharashtra,India,Private,266000
145,498,Annasaheb Dange College of Engineering and Technology,Civil Engineering, Ashta,JEE,18024,47,18273,47,42015,40.7696398,16245,75.0900995,Co-Ed,25 Acres,2664,166,1999,1.42,"Shivaji University, Kolhapur","Boys Hostel, Girls Hostel, Gym, Library, Sports, Cafeteria, Auditorium, Medical/Hospital, Wifi, IT Infrastructure, Classrooms, Transport, Laboratories, Alumni Associations, Parking Facility, Guest Room, Banks Facilities",Ashta,Maharashtra,India,Private,266000
146,561,Annasaheb Dange College of Engineering and Technology,Electrical Engineering, Ashta,JEE,29937,34,34664,30,52754,16.2220645,47305,30.9271445,Co-Ed,25 Acres,2664,166,1999,1.36,"Shivaji University, Kolhapur","Boys Hostel, Girls Hostel, Gym, Library, Sports, Cafeteria, Auditorium, Medical/Hospital, Wifi, IT Infrastructure, Classrooms, Transport, Laboratories, Alumni Associations, Parking Facility, Guest Room, Banks Facilities",Ashta,Maharashtra,India,Private,266000
147,286,Lokmanya Tilak College of Engineering,Computer Engineering, Kopar Khairane,JEE,9158,67,11088,61,10363,82.1817193,10147,82.3764002,Co-Ed,3 Acres,2216,108,1994,1.57,"University of Mumbai, Mumbai","Gym, Library, Sports, Cafeteria, Auditorium, Medical/Hospital, IT Infrastructure, Laboratories",Navi Mumbai,Maharashtra,India,Private,406000
148,373,Lokmanya Tilak College of Engineering,Electrical Engineering, Kopar Khairane,JEE,12324,59,19932,45,28198,60.2733485,16938,74.0207333,Co-Ed,3 Acres,2216,108,1994,1.07,"University of Mumbai, Mumbai","Gym, Library, Sports, Cafeteria, Auditorium, Medical/Hospital, IT Infrastructure, Laboratories",Navi Mumbai,Maharashtra,India,Private,406000
149,287,Shri Sant Gajanan Maharaj College of Engineering,Mechanical Engineering,Shegaon,JEE,9261,67,11212,61,23013,66.8716372,28455,60.1371142,Co-Ed,82 Acres,933,90,1983,1.85,"Sant Gadge Baba Amravati University, Amravati","Boys Hostel, Girls Hostel, Gym, Library, Sports, Cafeteria, Auditorium, Medical/Hospital, IT Infrastructure, Laboratories, Alumni Associations, Banks Facilities",Shegaon,Maharashtra,India,Private,284200
150,308,Shri Sant Gajanan Maharaj College of Engineering,Information Technology,Shegaon,JEE,9696,65,9255,67,9521,83.2164625,7105,86.4765691,Co-Ed,82 Acres,933,90,1983,1.73,"Sant Gadge Baba Amravati University, Amravati","Boys Hostel, Girls Hostel, Gym, Library, Sports, Cafeteria, Auditorium, Medical/Hospital, IT Infrastructure, Laboratories, Alumni Associations, Banks Facilities",Shegaon,Maharashtra,India,Private,284200
151,307,Marathwada Mitra Mandal's College of Engineering,Computer Engineering, Karvenagar,JEE,9694,65,9584,66,6838,86.8921614,7230,86.3334737,Co-Ed,,2483,85,2006,1.78,"Savitribai Phule Pune University, Pune","Boys Hostel, Girls Hostel, Gym, Library, Sports, Cafeteria, Auditorium, Medical/Hospital, IT Infrastructure, Laboratories, Alumni Associations, Guest Room",Pune,Maharashtra,India,Private,283285.7143
152,374,Marathwada Mitra Mandal's College of Engineering,Information Technology, Karvenagar,JEE,12384,58,10771,62,8875,84.1362819,8534,84.5759453,Co-Ed,,2483,85,2006,1.11,"Savitribai Phule Pune University, Pune","Boys Hostel, Girls Hostel, Gym, Library, Sports, Cafeteria, Auditorium, Medical/Hospital, IT Infrastructure, Laboratories, Alumni Associations, Guest Room",Pune,Maharashtra,India,Private,283285.7143
153,553,Marathwada Mitra Mandal's College of Engineering,Electrical Engineering, Karvenagar,JEE,27881,35,25379,38,49963,24.4474919,24382,64.9291194,Co-Ed,,2483,85,2006,1.48,"Savitribai Phule Pune University, Pune","Boys Hostel, Girls Hostel, Gym, Library, Sports, Cafeteria, Auditorium, Medical/Hospital, IT Infrastructure, Laboratories, Alumni Associations, Guest Room",Pune,Maharashtra,India,Private,283285.7143
154,380,Bajaj Institute of Technology,Electrical Engineering, Wardha,JEE,13182,56,16899,50,16026,75.1591082,1744,94.6215562,Co-Ed,,541,20,2017,1.66,"Dr Babasaheb Ambedkar Technological University, Lonere","Gym, Library, Sports, Cafeteria, Medical/Hospital, IT Infrastructure, Classrooms, Laboratories, Guest Room",Wardha,Maharashtra,India,Private,240000
155,382,Bajaj Institute of Technology,Computer Engineering, Wardha,JEE,13349,56,7779,72,9831,82.75399,10807,81.6656313,Co-Ed,,541,20,2017,1.15,"Dr Babasaheb Ambedkar Technological University, Lonere","Gym, Library, Sports, Cafeteria, Medical/Hospital, IT Infrastructure, Classrooms, Laboratories, Guest Room",Wardha,Maharashtra,India,Private,240000
156,401,JSPM Narhe Technical Campus,Computer Engineering, Pune.,JEE,13634,55,13787,55,10765,81.673628,7393,86.0470773,Co-Ed,,2610,166,2011,1.23,"Savitribai Phule Pune University, Pune","Girls Hostel, Gym, Library, Sports, Cafeteria, Auditorium, Medical/Hospital, IT Infrastructure, Transport, Laboratories, Alumni Associations, Guest Room, Banks Facilities",Pune,Maharashtra,India,Private,254818.1818
157,481,Universal College of Engineering,Computer Engineering,Kaman Dist. Palghar,JEE,16429,50,16107,50,17115,73.9255885,15771,75.5208082,Co-Ed,5 Acres,1438,88,2012,1.66,"University of Mumbai, Mumbai","Girls Hostel, Library, Sports, Cafeteria, Auditorium, IT Infrastructure, Transport, Laboratories, Banks Facilities",Poman,Maharashtra,India,Private,384000
158,483,Marathwada Mitra Mandal's Institute of Technology,Computer Engineering, Lohgaon,JEE,16454,50,17698,48,15274,76.0101923,15402,75.9503111,Co-Ed,14 Acres,690,35,2008,1.42,"Savitribai Phule Pune University, Pune","Boys Hostel, Girls Hostel, Gym, Library, Sports, Cafeteria, Auditorium, Medical/Hospital, Wifi, IT Infrastructure, Transport, Laboratories, Convenience Store, Alumni Associations, Guest Room, Banks Facilities",Shinde Wasti,Maharashtra,India,Private,289500
159,492,Ideal Institute of Technology,Computer Engineering, Wada,JEE,17217,49,22456,41,49243,26.2649485,41933,40.7796198,Co-Ed,,,166,1998,1.74,"Dr APJ Abdul Kalam Technical University, Lucknow","Boys Hostel, Girls Hostel, Gym, Library, Sports, Cafeteria, Auditorium, Medical/Hospital, Wifi, IT Infrastructure, Transport, Laboratories, Alumni Associations, Guest Room, Banks Facilities",Ghaziabad,Uttar Pradesh,India,Private,310000
160,492,Ideal Institute of Technology,Computer Engineering, Wada,JEE,17217,49,22456,41,49243,26.2649485,41933,40.7796198,Co-Ed,10 Acres,896,81,2009,1.18,"Jawaharlal Nehru Technological University, Kakinada","Boys Hostel, Girls Hostel, Library, Sports, Cafeteria, Medical/Hospital, IT Infrastructure, Transport, Laboratories, Alumni Associations",Kakinada,Andhra Pradesh,India,Private,168000
161,492,Ideal Institute of Technology,Computer Engineering, Wada,JEE,17217,49,22456,41,49243,26.2649485,41933,40.7796198,Co-Ed,30 Acres,450,53,2013,1.07,"University of Mumbai, Mumbai","Boys Hostel, Girls Hostel, Gym, Library, Sports, Cafeteria, Auditorium, Medical/Hospital, Wifi, IT Infrastructure, Transport, Laboratories, Guest Room",Posheri,Maharashtra,India,Private,264000
162,493,Ideal Institute of Technology,Computer Engineering, Wada,JEE,17217,49,22456,41,49243,26.2649485,47126,31.5668267,Co-Ed,,,166,1998,1.14,"Dr APJ Abdul Kalam Technical University, Lucknow","Boys Hostel, Girls Hostel, Gym, Library, Sports, Cafeteria, Auditorium, Medical/Hospital, Wifi, IT Infrastructure, Transport, Laboratories, Alumni Associations, Guest Room, Banks Facilities",Ghaziabad,Uttar Pradesh,India,Private,310000
163,493,Ideal Institute of Technology,Computer Engineering, Wada,JEE,17217,49,22456,41,49243,26.2649485,47126,31.5668267,Co-Ed,10 Acres,896,81,2009,1.89,"Jawaharlal Nehru Technological University, Kakinada","Boys Hostel, Girls Hostel, Library, Sports, Cafeteria, Medical/Hospital, IT Infrastructure, Transport, Laboratories, Alumni Associations",Kakinada,Andhra Pradesh,India,Private,168000
164,493,Ideal Institute of Technology,Computer Engineering, Wada,JEE,17217,49,22456,41,49243,26.2649485,47126,31.5668267,Co-Ed,30 Acres,450,53,2013,1.63,"University of Mumbai, Mumbai","Boys Hostel, Girls Hostel, Gym, Library, Sports, Cafeteria, Auditorium, Medical/Hospital, Wifi, IT Infrastructure, Transport, Laboratories, Guest Room",Posheri,Maharashtra,India,Private,264000
165,510,NBN Sinhgad Technical Institutes Campus,Computer Engineering, Pune,JEE,21758,42,29520,34,13727,77.9127753,9667,83.0211088,Co-Ed,17 Acres,1810,128,2011,1.76,"Savitribai Phule Pune University, Pune","Boys Hostel, Girls Hostel, Gym, Library, Sports, Cafeteria, Auditorium, Medical/Hospital, Wifi, IT Infrastructure, Transport, Laboratories, Alumni Associations, Banks Facilities",Pune,Maharashtra,India,Private,352750
166,559,NBN Sinhgad Technical Institutes Campus,Information Technology, Pune,JEE,29014,35,39075,26,16653,74.7839723,9843,82.75399,Co-Ed,17 Acres,1810,128,2011,1.3,"Savitribai Phule Pune University, Pune","Boys Hostel, Girls Hostel, Gym, Library, Sports, Cafeteria, Auditorium, Medical/Hospital, Wifi, IT Infrastructure, Transport, Laboratories, Alumni Associations, Banks Facilities",Pune,Maharashtra,India,Private,352750
167,525,Keystone School of Engineering,Computer Engineering, Pune,JEE,23147,40,33576,30,23882,65.7479355,25396,63.8282598,Co-Ed,7 Acres,726,54,2012,1.17,"Savitribai Phule Pune University, Pune","Boys Hostel, Girls Hostel, Gym, Library, Sports, Cafeteria, Auditorium, Wifi, IT Infrastructure, Transport, Laboratories",Pune,Maharashtra,India,Private,198000
168,547,Deogiri Institute of Engineering and Management Studies,Mechanical Engineering, Aurangabad,JEE,26088,38,30045,34,40743,42.4413035,21143,69.2200654,Co-Ed,9 Acres,2968,157,2009,1.37,"Dr Babasaheb Ambedkar Technological University, Lonere","Boys Hostel, Girls Hostel, Gym, Library, Sports, Cafeteria, Auditorium, IT Infrastructure, Laboratories, Alumni Associations, Guest Room",Aurangabad,Maharashtra,India,Private,216583.3333
169,548,Deogiri Institute of Engineering and Management Studies,Mechanical Engineering, Aurangabad,JEE,26088,38,30045,34,40743,42.4413035,49701,24.8477503,Co-Ed,9 Acres,2968,157,2009,1.23,"Dr Babasaheb Ambedkar Technological University, Lonere","Boys Hostel, Girls Hostel, Gym, Library, Sports, Cafeteria, Auditorium, IT Infrastructure, Laboratories, Alumni Associations, Guest Room",Aurangabad,Maharashtra,India,Private,216583.3333
170,551,Konkan Gyanpeeth College of Engineering,Computer Engineering, Karjat,JEE,26975,36,30232,34,41437,41.7292723,43504,38.6050233,Co-Ed,19 Acres,1312,62,1994,1.17,"University of Mumbai, Mumbai","Boys Hostel, Girls Hostel, Gym, Library, Sports, Cafeteria, Auditorium, Wifi, IT Infrastructure, Transport, Laboratories, Alumni Associations, Guest Room",Raigad,Maharashtra,India,Private,338000
171,567,Konkan Gyanpeeth College of Engineering,Information Technology, Karjat,JEE,32847,31,43763,22,44944,35.430986,49063,27.0556522,Co-Ed,19 Acres,1312,62,1994,1.39,"University of Mumbai, Mumbai","Boys Hostel, Girls Hostel, Gym, Library, Sports, Cafeteria, Auditorium, Wifi, IT Infrastructure, Transport, Laboratories, Alumni Associations, Guest Room",Raigad,Maharashtra,India,Private,338000
172,560,Genba Sopanrao Moze College of Engineering,Computer Engineering, Baner-Balewadi,JEE,29860,34,30147,34,18913,71.8911882,20013,70.3754081,Co-Ed,,1836,76,1999,1.2,"Savitribai Phule Pune University, Pune","Girls Hostel, Gym, Library, Sports, Cafeteria, Auditorium, Medical/Hospital, Wifi, IT Infrastructure, Laboratories, Alumni Associations, Guest Room",Pune,Maharashtra,India,Private,344000
173,587,Genba Sopanrao Moze College of Engineering,Information Technology, Baner-Balewadi,JEE,51186,17,61366,9,31244,56.1196908,25566,63.7496286,Co-Ed,,1836,76,1999,1.59,"Savitribai Phule Pune University, Pune","Girls Hostel, Gym, Library, Sports, Cafeteria, Auditorium, Medical/Hospital, Wifi, IT Infrastructure, Laboratories, Alumni Associations, Guest Room",Pune,Maharashtra,India,Private,344000
174,572,Matoshri College of Engineering and Research Centre,Computer Engineering, Eklahare,JEE,34633,30,47436,20,26064,63.2129688,36014,50.1760245,Co-Ed,10 Acres,1808,135,2007,1.52,"Savitribai Phule Pune University, Pune","Gym, Library, Sports, Cafeteria, Auditorium, Medical/Hospital, IT Infrastructure, Transport, Laboratories, Convenience Store, Alumni Associations, Guest Room, Banks Facilities",Nashik,Maharashtra,India,Private,218454.5455
175,584,Jawaharlal Darda Institute of Engineering and Technology,Mechanical Engineering, Yavatmal,JEE,48273,19,61256,9,44335,37.1005644,49309,25.9994074,Co-Ed,20 Acres,1280,40,1996,1.01,"Sant Gadge Baba Amravati University, Amravati","Boys Hostel, Library, Sports, Cafeteria, Medical/Hospital, Wifi, IT Infrastructure, Laboratories, Alumni Associations, Banks Facilities",Yavatmal,Maharashtra,India,Private,248000
176,589,Vidya Niketan College of Engineering,Computer Engineering, Bota Sangamner,JEE,53924,15,34569,30,41905,40.8759878,44047,37.2637537,Co-Ed,14 Acres,306,70,2012,1.84,"Savitribai Phule Pune University, Pune","Boys Hostel, Girls Hostel, Gym, Library, Sports, Cafeteria, Auditorium, Medical/Hospital, Wifi, IT Infrastructure, Transport, Laboratories, Alumni Associations, Guest Room",Bota,Maharashtra,India,Private,195000
177,591,Nanasaheb Mahadik College of Engineering,Electrical Engineering,Walwa,JEE,97760,52,102555,46,88732,18.3983482,89309,16.6127829,Co-Ed,,898,17,2011,1.8,"Dr Babasaheb Ambedkar Technological University, Lonere","Boys Hostel, Girls Hostel, Gym, Library, Sports, Cafeteria, IT Infrastructure, Transport, Laboratories",Ashta,Maharashtra,India,Private,226166.6667
