,Name,Branch,Town,City,Exam,Rank_19_R1,Score_19_R1,Rank_19_R2,Score_19_R2,Rank_20_R1,Score_20_R1,Rank_20_R2,Score_20_R2
0,Institute of Chemical Technology,Chemical Engineering, Matunga, Mumbai,JEE,256.0,192.0,391.0,179.0,637.0,96.8544906,764.0,96.5201553
1,Pune Institute of Computer Technology,Computer Engineering, Dhankavdi, Pune,JEE,294.0,188.0,432.0,175.0,178.0,98.4038715,215.0,98.2578493
2,Pune Institute of Computer Technology,Computer Engineering, Dhankavdi, Pune,JEE,294.0,188.0,432.0,175.0,178.0,98.4038715,265.0,98.0693035
3,Pune Institute of Computer Technology,Computer Engineering, Dhankavdi, Pune,JEE,294.0,188.0,432.0,175.0,202.0,98.3014921,215.0,98.2578493
4,Pune Institute of Computer Technology,Computer Engineering, Dhankavdi, Pune,JEE,294.0,188.0,432.0,175.0,202.0,98.3014921,265.0,98.0693035
5,Pune Institute of Computer Technology,Computer Engineering, Dhankavdi, Pune,JEE,294.0,188.0,511.0,170.0,178.0,98.4038715,215.0,98.2578493
6,Pune Institute of Computer Technology,Computer Engineering, Dhankavdi, Pune,JEE,294.0,188.0,511.0,170.0,178.0,98.4038715,265.0,98.0693035
7,Pune Institute of Computer Technology,Computer Engineering, Dhankavdi, Pune,JEE,294.0,188.0,511.0,170.0,202.0,98.3014921,215.0,98.2578493
8,Pune Institute of Computer Technology,Computer Engineering, Dhankavdi, Pune,JEE,294.0,188.0,511.0,170.0,202.0,98.3014921,265.0,98.0693035
9,Pune Institute of Computer Technology,Computer Engineering, Dhankavdi, Pune,JEE,420.0,177.0,432.0,175.0,178.0,98.4038715,215.0,98.2578493
10,Pune Institute of Computer Technology,Computer Engineering, Dhankavdi, Pune,JEE,420.0,177.0,432.0,175.0,178.0,98.4038715,265.0,98.0693035
11,Pune Institute of Computer Technology,Computer Engineering, Dhankavdi, Pune,JEE,420.0,177.0,432.0,175.0,202.0,98.3014921,215.0,98.2578493
12,Pune Institute of Computer Technology,Computer Engineering, Dhankavdi, Pune,JEE,420.0,177.0,432.0,175.0,202.0,98.3014921,265.0,98.0693035
13,Pune Institute of Computer Technology,Computer Engineering, Dhankavdi, Pune,JEE,420.0,177.0,511.0,170.0,178.0,98.4038715,215.0,98.2578493
14,Pune Institute of Computer Technology,Computer Engineering, Dhankavdi, Pune,JEE,420.0,177.0,511.0,170.0,178.0,98.4038715,265.0,98.0693035
15,Pune Institute of Computer Technology,Computer Engineering, Dhankavdi, Pune,JEE,420.0,177.0,511.0,170.0,202.0,98.3014921,215.0,98.2578493
16,Pune Institute of Computer Technology,Computer Engineering, Dhankavdi, Pune,JEE,420.0,177.0,511.0,170.0,202.0,98.3014921,265.0,98.0693035
17,Pune Institute of Computer Technology,Information Technology, Dhankavdi, Pune,JEE,926.0,150.0,988.0,148.0,419.0,97.5332917,499.0,97.2807957
18,Bansilal Ramnath Agarawal Charitable Trust's Vishwakarma Institute ofTechnology,Computer Engineering, Bibwewadi, Pune,JEE,929.0,150.0,1062.0,146.0,597.0,96.9832324,679.0,96.7150457
19,Bansilal Ramnath Agarawal Charitable Trust's Vishwakarma Institute ofTechnology,Computer Engineering, Bibwewadi, Pune,JEE,929.0,150.0,1062.0,146.0,597.0,96.9832324,754.0,96.549567
20,Bansilal Ramnath Agarawal Charitable Trust's Vishwakarma Institute ofTechnology,Computer Engineering, Bibwewadi, Pune,JEE,929.0,150.0,1062.0,146.0,689.0,96.6749745,679.0,96.7150457
21,Bansilal Ramnath Agarawal Charitable Trust's Vishwakarma Institute ofTechnology,Computer Engineering, Bibwewadi, Pune,JEE,929.0,150.0,1062.0,146.0,689.0,96.6749745,754.0,96.549567
22,Bansilal Ramnath Agarawal Charitable Trust's Vishwakarma Institute ofTechnology,Computer Engineering, Bibwewadi, Pune,JEE,929.0,150.0,1208.0,141.0,597.0,96.9832324,679.0,96.7150457
23,Bansilal Ramnath Agarawal Charitable Trust's Vishwakarma Institute ofTechnology,Computer Engineering, Bibwewadi, Pune,JEE,929.0,150.0,1208.0,141.0,597.0,96.9832324,754.0,96.549567
24,Bansilal Ramnath Agarawal Charitable Trust's Vishwakarma Institute ofTechnology,Computer Engineering, Bibwewadi, Pune,JEE,929.0,150.0,1208.0,141.0,689.0,96.6749745,679.0,96.7150457
25,Bansilal Ramnath Agarawal Charitable Trust's Vishwakarma Institute ofTechnology,Computer Engineering, Bibwewadi, Pune,JEE,929.0,150.0,1208.0,141.0,689.0,96.6749745,754.0,96.549567
26,Bansilal Ramnath Agarawal Charitable Trust's Vishwakarma Institute ofTechnology,Computer Engineering, Bibwewadi, Pune,JEE,1014.0,147.0,1062.0,146.0,597.0,96.9832324,679.0,96.7150457
27,Bansilal Ramnath Agarawal Charitable Trust's Vishwakarma Institute ofTechnology,Computer Engineering, Bibwewadi, Pune,JEE,1014.0,147.0,1062.0,146.0,597.0,96.9832324,754.0,96.549567
28,Bansilal Ramnath Agarawal Charitable Trust's Vishwakarma Institute ofTechnology,Computer Engineering, Bibwewadi, Pune,JEE,1014.0,147.0,1062.0,146.0,689.0,96.6749745,679.0,96.7150457
29,Bansilal Ramnath Agarawal Charitable Trust's Vishwakarma Institute ofTechnology,Computer Engineering, Bibwewadi, Pune,JEE,1014.0,147.0,1062.0,146.0,689.0,96.6749745,754.0,96.549567
30,Bansilal Ramnath Agarawal Charitable Trust's Vishwakarma Institute ofTechnology,Computer Engineering, Bibwewadi, Pune,JEE,1014.0,147.0,1208.0,141.0,597.0,96.9832324,679.0,96.7150457
31,Bansilal Ramnath Agarawal Charitable Trust's Vishwakarma Institute ofTechnology,Computer Engineering, Bibwewadi, Pune,JEE,1014.0,147.0,1208.0,141.0,597.0,96.9832324,754.0,96.549567
32,Bansilal Ramnath Agarawal Charitable Trust's Vishwakarma Institute ofTechnology,Computer Engineering, Bibwewadi, Pune,JEE,1014.0,147.0,1208.0,141.0,689.0,96.6749745,679.0,96.7150457
33,Bansilal Ramnath Agarawal Charitable Trust's Vishwakarma Institute ofTechnology,Computer Engineering, Bibwewadi, Pune,JEE,1014.0,147.0,1208.0,141.0,689.0,96.6749745,754.0,96.549567
34,Thadomal Shahani Engineering College,Computer Engineering, Bandra, Mumbai,JEE,1025.0,147.0,1159.0,142.0,1073.0,95.8345556,611.0,96.9417419
35,Bansilal Ramnath Agarawal Charitable Trust's Vishwakarma Institute ofTechnology,Information Technology, Bibwewadi, Pune,JEE,1218.0,140.0,1351.0,137.0,788.0,96.4528706,852.0,96.2974983
36,Shri Ramdeobaba College of Engineering and Management,Information Technology, Nagpur,,JEE,1542.0,131.0,2068.0,120.0,1513.0,94.9982973,1747.0,94.6215562
37,Institute of Chemical Technology,Dyestuff Technology, Matunga, Mumbai,JEE,1673.0,128.0,1598.0,130.0,2947.0,92.6768827,3206.0,92.2920648
38,Thadomal Shahani Engineering College,Information Technology, Bandra, Mumbai,JEE,1882.0,124.0,2076.0,120.0,1446.0,95.1182239,1394.0,95.217857
39,Don Bosco Institute of Technology,Computer Engineering, Mumbai,,JEE,1910.0,123.0,2015.0,121.0,2982.0,92.6070387,4099.0,90.9951692
40,Thakur College of Engineering and Technology,Computer Engineering, Kandivali, Mumbai,JEE,1928.0,123.0,3047.0,106.0,1891.0,94.3815612,1818.0,94.4600576
41,Bansilal Ramnath Agarawal Charitable Trust's Vishwakarma Institute ofTechnology,Mechanical Engineering, Bibwewadi, Pune,JEE,1949.0,123.0,2120.0,120.0,4029.0,91.0883933,4138.0,90.9225631
42,Bansilal Ramnath Agarawal Charitable Trust's Vishwakarma Institute ofTechnology,Mechanical Engineering, Bibwewadi, Pune,JEE,1949.0,123.0,2120.0,120.0,4029.0,91.0883933,4607.0,90.2170737
43,Bansilal Ramnath Agarawal Charitable Trust's Vishwakarma Institute ofTechnology,Mechanical Engineering, Bibwewadi, Pune,JEE,1949.0,123.0,2120.0,120.0,4432.0,90.4590322,4138.0,90.9225631
44,Bansilal Ramnath Agarawal Charitable Trust's Vishwakarma Institute ofTechnology,Mechanical Engineering, Bibwewadi, Pune,JEE,1949.0,123.0,2120.0,120.0,4432.0,90.4590322,4607.0,90.2170737
45,Bansilal Ramnath Agarawal Charitable Trust's Vishwakarma Institute ofTechnology,Mechanical Engineering, Bibwewadi, Pune,JEE,1949.0,123.0,2229.0,118.0,4029.0,91.0883933,4138.0,90.9225631
46,Bansilal Ramnath Agarawal Charitable Trust's Vishwakarma Institute ofTechnology,Mechanical Engineering, Bibwewadi, Pune,JEE,1949.0,123.0,2229.0,118.0,4029.0,91.0883933,4607.0,90.2170737
47,Bansilal Ramnath Agarawal Charitable Trust's Vishwakarma Institute ofTechnology,Mechanical Engineering, Bibwewadi, Pune,JEE,1949.0,123.0,2229.0,118.0,4432.0,90.4590322,4138.0,90.9225631
48,Bansilal Ramnath Agarawal Charitable Trust's Vishwakarma Institute ofTechnology,Mechanical Engineering, Bibwewadi, Pune,JEE,1949.0,123.0,2229.0,118.0,4432.0,90.4590322,4607.0,90.2170737
49,Bansilal Ramnath Agarawal Charitable Trust's Vishwakarma Institute ofTechnology,Mechanical Engineering, Bibwewadi, Pune,JEE,2144.0,119.0,2120.0,120.0,4029.0,91.0883933,4138.0,90.9225631
50,Bansilal Ramnath Agarawal Charitable Trust's Vishwakarma Institute ofTechnology,Mechanical Engineering, Bibwewadi, Pune,JEE,2144.0,119.0,2120.0,120.0,4029.0,91.0883933,4607.0,90.2170737
51,Bansilal Ramnath Agarawal Charitable Trust's Vishwakarma Institute ofTechnology,Mechanical Engineering, Bibwewadi, Pune,JEE,2144.0,119.0,2120.0,120.0,4432.0,90.4590322,4138.0,90.9225631
52,Bansilal Ramnath Agarawal Charitable Trust's Vishwakarma Institute ofTechnology,Mechanical Engineering, Bibwewadi, Pune,JEE,2144.0,119.0,2120.0,120.0,4432.0,90.4590322,4607.0,90.2170737
53,Bansilal Ramnath Agarawal Charitable Trust's Vishwakarma Institute ofTechnology,Mechanical Engineering, Bibwewadi, Pune,JEE,2144.0,119.0,2229.0,118.0,4029.0,91.0883933,4138.0,90.9225631
54,Bansilal Ramnath Agarawal Charitable Trust's Vishwakarma Institute ofTechnology,Mechanical Engineering, Bibwewadi, Pune,JEE,2144.0,119.0,2229.0,118.0,4029.0,91.0883933,4607.0,90.2170737
55,Bansilal Ramnath Agarawal Charitable Trust's Vishwakarma Institute ofTechnology,Mechanical Engineering, Bibwewadi, Pune,JEE,2144.0,119.0,2229.0,118.0,4432.0,90.4590322,4138.0,90.9225631
56,Bansilal Ramnath Agarawal Charitable Trust's Vishwakarma Institute ofTechnology,Mechanical Engineering, Bibwewadi, Pune,JEE,2144.0,119.0,2229.0,118.0,4432.0,90.4590322,4607.0,90.2170737
57,International Institute of Information Technology (I2IT),Computer Engineering, Pune.,,JEE,2009.0,121.0,3374.0,102.0,2255.0,93.7932185,3493.0,91.846931
58,MKSSS's Cummins College of Engineering for Women,Computer Engineering, Karvenagar,Pune,JEE,2388.0,115.0,2716.0,110.0,1812.0,94.4920082,826.0,96.3552158
59,MKSSS's Cummins College of Engineering for Women,Computer Engineering, Karvenagar,Pune,JEE,2388.0,115.0,2716.0,110.0,1812.0,94.4920082,1171.0,95.6435427
60,MKSSS's Cummins College of Engineering for Women,Computer Engineering, Karvenagar,Pune,JEE,2388.0,115.0,2716.0,110.0,2343.0,93.63352,826.0,96.3552158
61,MKSSS's Cummins College of Engineering for Women,Computer Engineering, Karvenagar,Pune,JEE,2388.0,115.0,2716.0,110.0,2343.0,93.63352,1171.0,95.6435427
62,MKSSS's Cummins College of Engineering for Women,Computer Engineering, Karvenagar,Pune,JEE,2388.0,115.0,3311.0,103.0,1812.0,94.4920082,826.0,96.3552158
63,MKSSS's Cummins College of Engineering for Women,Computer Engineering, Karvenagar,Pune,JEE,2388.0,115.0,3311.0,103.0,1812.0,94.4920082,1171.0,95.6435427
64,MKSSS's Cummins College of Engineering for Women,Computer Engineering, Karvenagar,Pune,JEE,2388.0,115.0,3311.0,103.0,2343.0,93.63352,826.0,96.3552158
65,MKSSS's Cummins College of Engineering for Women,Computer Engineering, Karvenagar,Pune,JEE,2388.0,115.0,3311.0,103.0,2343.0,93.63352,1171.0,95.6435427
66,MKSSS's Cummins College of Engineering for Women,Computer Engineering, Karvenagar,Pune,JEE,3307.0,103.0,2716.0,110.0,1812.0,94.4920082,826.0,96.3552158
67,MKSSS's Cummins College of Engineering for Women,Computer Engineering, Karvenagar,Pune,JEE,3307.0,103.0,2716.0,110.0,1812.0,94.4920082,1171.0,95.6435427
68,MKSSS's Cummins College of Engineering for Women,Computer Engineering, Karvenagar,Pune,JEE,3307.0,103.0,2716.0,110.0,2343.0,93.63352,826.0,96.3552158
69,MKSSS's Cummins College of Engineering for Women,Computer Engineering, Karvenagar,Pune,JEE,3307.0,103.0,2716.0,110.0,2343.0,93.63352,1171.0,95.6435427
70,MKSSS's Cummins College of Engineering for Women,Computer Engineering, Karvenagar,Pune,JEE,3307.0,103.0,3311.0,103.0,1812.0,94.4920082,826.0,96.3552158
71,MKSSS's Cummins College of Engineering for Women,Computer Engineering, Karvenagar,Pune,JEE,3307.0,103.0,3311.0,103.0,1812.0,94.4920082,1171.0,95.6435427
72,MKSSS's Cummins College of Engineering for Women,Computer Engineering, Karvenagar,Pune,JEE,3307.0,103.0,3311.0,103.0,2343.0,93.63352,826.0,96.3552158
73,MKSSS's Cummins College of Engineering for Women,Computer Engineering, Karvenagar,Pune,JEE,3307.0,103.0,3311.0,103.0,2343.0,93.63352,1171.0,95.6435427
74,Thadomal Shahani Engineering College,Chemical Engineering, Bandra, Mumbai,JEE,2496.0,113.0,3169.0,105.0,4015.0,91.1044385,5255.0,89.2094379
75,Shri Ramdeobaba College of Engineering and Management,Electrical Engineering, Nagpur,,JEE,2498.0,113.0,2913.0,108.0,3956.0,91.2125751,6025.0,88.1199539
76,MIT Academy of Engineering,Computer Engineering,Alandi, Pune,JEE,2508.0,113.0,3804.0,97.0,2555.0,93.2964586,3234.0,92.2386947
77,Shri Ramdeobaba College of Engineering and Management,Civil Engineering, Nagpur,,JEE,2601.0,112.0,4853.0,88.0,5067.0,89.4732118,5939.0,88.2289171
78,Shri Ramdeobaba College of Engineering and Management,Civil Engineering, Nagpur,,JEE,2601.0,112.0,4853.0,88.0,5067.0,89.4732118,6111.0,87.9271554
79,Shri Ramdeobaba College of Engineering and Management,Civil Engineering, Nagpur,,JEE,2601.0,112.0,4853.0,88.0,5306.0,89.179415,5939.0,88.2289171
80,Shri Ramdeobaba College of Engineering and Management,Civil Engineering, Nagpur,,JEE,2601.0,112.0,4853.0,88.0,5306.0,89.179415,6111.0,87.9271554
81,Shri Ramdeobaba College of Engineering and Management,Civil Engineering, Nagpur,,JEE,2963.0,107.0,4853.0,88.0,5067.0,89.4732118,5939.0,88.2289171
82,Shri Ramdeobaba College of Engineering and Management,Civil Engineering, Nagpur,,JEE,2963.0,107.0,4853.0,88.0,5067.0,89.4732118,6111.0,87.9271554
83,Shri Ramdeobaba College of Engineering and Management,Civil Engineering, Nagpur,,JEE,2963.0,107.0,4853.0,88.0,5306.0,89.179415,5939.0,88.2289171
84,Shri Ramdeobaba College of Engineering and Management,Civil Engineering, Nagpur,,JEE,2963.0,107.0,4853.0,88.0,5306.0,89.179415,6111.0,87.9271554
85,Bansilal Ramnath Agarawal Charitable Trust's Vishwakarma Institute ofTechnology,Chemical Engineering, Bibwewadi, Pune,JEE,2991.0,107.0,3416.0,102.0,11973.0,80.2982813,11502.0,80.5700957
86,Bharati Vidyapeeth's College of Engineering,Computer Engineering,Lavale, Pune,JEE,3132.0,105.0,5136.0,86.0,3514.0,91.8403514,4730.0,89.9667109
87,Vidyalankar Institute of Technology,Computer Engineering,Wadala, Mumbai,JEE,3228.0,104.0,3710.0,98.0,2861.0,92.7827663,3274.0,92.2061383
88,Don Bosco Institute of Technology,Information Technology, Mumbai,,JEE,3448.0,101.0,3274.0,103.0,4472.0,90.3765335,2891.0,92.7635149
89,Thakur College of Engineering and Technology,Information Technology, Kandivali, Mumbai,JEE,3548.0,100.0,3739.0,98.0,2860.0,92.7866138,1907.0,94.3664854
90,International Institute of Information Technology (I2IT),Information Technology, Pune.,,JEE,3597.0,100.0,5178.0,86.0,3754.0,91.4701597,4135.0,90.9225631
91,St. Francis Institute of Technology,Computer Engineering,Borivali, Mumbai,JEE,3617.0,100.0,2394.0,115.0,3650.0,91.65811,2196.0,93.9145441
92,S.I.E.S. Graduate School of Technology,Computer Engineering, Nerul, Navi Mumbai,JEE,3704.0,99.0,4385.0,92.0,4930.0,89.7056982,5430.0,88.9132101
93,Don Bosco Institute of Technology,Mechanical Engineering, Mumbai,,JEE,3787.0,98.0,4912.0,88.0,33880.0,52.9664503,16097.0,75.1591082
94,Don Bosco Institute of Technology,Mechanical Engineering, Mumbai,,JEE,3787.0,98.0,4912.0,88.0,33880.0,52.9664503,38904.0,45.7804866
95,Don Bosco Institute of Technology,Mechanical Engineering, Mumbai,,JEE,3787.0,98.0,4912.0,88.0,33880.0,52.9664503,50657.0,22.7953366
96,MKSSS's Cummins College of Engineering for Women,Information Technology, Karvenagar,Pune,JEE,3894.0,96.0,3520.0,100.0,2873.0,92.7827663,1903.0,94.3664854
97,WATUMULL INSTITUTE OF ELECTRONICS ENGINEERING & COMPUTERTECHNOLOGY,Computer Engineering, ULHASNAGAR,,JEE,3941.0,96.0,8139.0,71.0,11070.0,81.1457316,10560.1,81.7623135
98,Sinhgad College of Engineering,Computer Engineering, Vadgaon (BK), Pune,JEE,4014.0,95.0,5202.0,85.0,4102.0,90.9951692,4436.0,90.4590322
99,Sinhgad College of Engineering,Computer Engineering, Vadgaon (BK), Pune,JEE,4014.0,95.0,5202.0,85.0,4102.0,90.9951692,4822.0,89.8782776
100,Sinhgad College of Engineering,Computer Engineering, Vadgaon (BK), Pune,JEE,4014.0,95.0,5202.0,85.0,4685.0,90.0166412,4436.0,90.4590322
101,Sinhgad College of Engineering,Computer Engineering, Vadgaon (BK), Pune,JEE,4014.0,95.0,5202.0,85.0,4685.0,90.0166412,4822.0,89.8782776
102,Sinhgad College of Engineering,Computer Engineering, Vadgaon (BK), Pune,JEE,4014.0,95.0,5826.0,82.0,4102.0,90.9951692,4436.0,90.4590322
103,Sinhgad College of Engineering,Computer Engineering, Vadgaon (BK), Pune,JEE,4014.0,95.0,5826.0,82.0,4102.0,90.9951692,4822.0,89.8782776
104,Sinhgad College of Engineering,Computer Engineering, Vadgaon (BK), Pune,JEE,4014.0,95.0,5826.0,82.0,4685.0,90.0166412,4436.0,90.4590322
105,Sinhgad College of Engineering,Computer Engineering, Vadgaon (BK), Pune,JEE,4014.0,95.0,5826.0,82.0,4685.0,90.0166412,4822.0,89.8782776
106,Sinhgad College of Engineering,Computer Engineering, Vadgaon (BK), Pune,JEE,4319.0,92.0,5202.0,85.0,4102.0,90.9951692,4436.0,90.4590322
107,Sinhgad College of Engineering,Computer Engineering, Vadgaon (BK), Pune,JEE,4319.0,92.0,5202.0,85.0,4102.0,90.9951692,4822.0,89.8782776
108,Sinhgad College of Engineering,Computer Engineering, Vadgaon (BK), Pune,JEE,4319.0,92.0,5202.0,85.0,4685.0,90.0166412,4436.0,90.4590322
109,Sinhgad College of Engineering,Computer Engineering, Vadgaon (BK), Pune,JEE,4319.0,92.0,5202.0,85.0,4685.0,90.0166412,4822.0,89.8782776
110,Sinhgad College of Engineering,Computer Engineering, Vadgaon (BK), Pune,JEE,4319.0,92.0,5826.0,82.0,4102.0,90.9951692,4436.0,90.4590322
111,Sinhgad College of Engineering,Computer Engineering, Vadgaon (BK), Pune,JEE,4319.0,92.0,5826.0,82.0,4102.0,90.9951692,4822.0,89.8782776
112,Sinhgad College of Engineering,Computer Engineering, Vadgaon (BK), Pune,JEE,4319.0,92.0,5826.0,82.0,4685.0,90.0166412,4436.0,90.4590322
113,Sinhgad College of Engineering,Computer Engineering, Vadgaon (BK), Pune,JEE,4319.0,92.0,5826.0,82.0,4685.0,90.0166412,4822.0,89.8782776
114,MIT Academy of Engineering,Information Technology,Alandi, Pune,JEE,4113.0,94.0,4154.0,94.0,3205.0,92.2920648,3943.0,91.2222675
115,Thakur College of Engineering and Technology,Mechanical Engineering, Kandivali, Mumbai,JEE,4249.0,93.0,3867.0,97.0,6228.0,87.7810287,10657.0,81.707368
116,Shri Ramdeobaba College of Engineering and Management,Electronics Engineering, Nagpur,,JEE,4643.0,90.0,2816.0,109.0,3678.0,91.6238781,3315.0,92.1371141
117,Shri Ramdeobaba College of Engineering and Management,Electronics Engineering, Nagpur,,JEE,4643.0,90.0,2816.0,109.0,3784.0,91.4431022,3315.0,92.1371141
118,Shri Ramdeobaba College of Engineering and Management,Electronics Engineering, Nagpur,,JEE,4643.0,90.0,5314.0,85.0,3678.0,91.6238781,3315.0,92.1371141
119,Shri Ramdeobaba College of Engineering and Management,Electronics Engineering, Nagpur,,JEE,4643.0,90.0,5314.0,85.0,3784.0,91.4431022,3315.0,92.1371141
120,Shri Ramdeobaba College of Engineering and Management,Electronics Engineering, Nagpur,,JEE,4828.0,88.0,2816.0,109.0,3678.0,91.6238781,3315.0,92.1371141
121,Shri Ramdeobaba College of Engineering and Management,Electronics Engineering, Nagpur,,JEE,4828.0,88.0,2816.0,109.0,3784.0,91.4431022,3315.0,92.1371141
122,Shri Ramdeobaba College of Engineering and Management,Electronics Engineering, Nagpur,,JEE,4828.0,88.0,5314.0,85.0,3678.0,91.6238781,3315.0,92.1371141
123,Shri Ramdeobaba College of Engineering and Management,Electronics Engineering, Nagpur,,JEE,4828.0,88.0,5314.0,85.0,3784.0,91.4431022,3315.0,92.1371141
124,Dr. D. Y. Patil Pratishthan's D.Y.Patil College of Engineering Akurdi,Computer Engineering, Pune,,JEE,4783.0,89.0,5243.0,85.0,3031.0,92.508913,2524.0,93.309864
125,S.I.E.S. Graduate School of Technology,Mechanical Engineering, Nerul, Navi Mumbai,JEE,4807.0,89.0,3584.0,100.0,15544.0,75.8074167,28201.0,60.2733485
126,All India Shri Shivaji Memorial Society's College of Engineering,Computer Engineering, Pune,,JEE,4843.0,88.0,4812.0,89.0,2782.0,92.9511398,3016.0,92.5689181
127,All India Shri Shivaji Memorial Society's College of Engineering,Computer Engineering, Pune,,JEE,4843.0,88.0,4812.0,89.0,2782.0,92.9511398,3584.0,91.7401809
128,All India Shri Shivaji Memorial Society's College of Engineering,Computer Engineering, Pune,,JEE,4843.0,88.0,4812.0,89.0,4048.0,91.0855668,3016.0,92.5689181
129,All India Shri Shivaji Memorial Society's College of Engineering,Computer Engineering, Pune,,JEE,4843.0,88.0,4812.0,89.0,4048.0,91.0855668,3584.0,91.7401809
130,All India Shri Shivaji Memorial Society's College of Engineering,Computer Engineering, Pune,,JEE,6082.0,80.0,4812.0,89.0,2782.0,92.9511398,3016.0,92.5689181
131,All India Shri Shivaji Memorial Society's College of Engineering,Computer Engineering, Pune,,JEE,6082.0,80.0,4812.0,89.0,2782.0,92.9511398,3584.0,91.7401809
132,All India Shri Shivaji Memorial Society's College of Engineering,Computer Engineering, Pune,,JEE,6082.0,80.0,4812.0,89.0,4048.0,91.0855668,3016.0,92.5689181
133,All India Shri Shivaji Memorial Society's College of Engineering,Computer Engineering, Pune,,JEE,6082.0,80.0,4812.0,89.0,4048.0,91.0855668,3584.0,91.7401809
134,St. Francis Institute of Technology,Mechanical Engineering,Borivali, Mumbai,JEE,4854.0,88.0,7008.0,75.0,5261.0,89.2094379,11418.0,80.8987154
135,Vidyalankar Institute of Technology,Information Technology,Wadala, Mumbai,JEE,5026.0,87.0,5589.0,83.0,4719.0,89.9667109,3850.0,91.3844507
136,MIT Academy of Engineering,Mechanical Engineering,Alandi, Pune,JEE,5145.0,86.0,5717.0,82.0,17045.0,74.0129969,19561.0,70.9815068
137,Rizvi Education Society's Rizvi College of Engineering,Mechanical Engineering, Bandra,Mumbai,JEE,5194.0,86.0,6506.0,78.0,9221.0,83.6510078,16381.0,74.9989387
138,St. Francis Institute of Technology,Information Technology,Borivali, Mumbai,JEE,5254.0,85.0,6072.0,80.0,5946.0,88.2289171,5203.0,89.3183196
139,Rizvi Education Society's Rizvi College of Engineering,Computer Engineering, Bandra,Mumbai,JEE,5409.0,85.0,6457.0,78.0,4740.0,89.9667109,5043.0,89.612276
140,S.I.E.S. Graduate School of Technology,Information Technology, Nerul, Navi Mumbai,JEE,5424.0,85.0,6099.0,80.0,5369.0,89.1102368,6326.0,87.652153
141,Walchand Institute of Technology,Information Technology, Solapur,,JEE,5498.0,84.0,11324.0,61.0,7582.0,85.8301142,7475.0,86.0316146
142,Yeshwantrao Chavan College of Engineering,Computer Technology,Wanadongri, Nagpur,JEE,5603.0,83.0,4971.0,87.0,8204.0,85.0128714,5903.0,88.2292847
143,MIT Academy of Engineering,Chemical Engineering,Alandi, Pune,JEE,5655.0,83.0,8206.0,70.0,13437.0,78.4246409,18713.0,71.9640107
144,Progressive Education Society's Modern College of Engineering,Computer Engineering, Pune,,JEE,5946.0,81.0,6305.0,79.0,4448.0,90.3786173,4569.0,90.2312418
145,Progressive Education Society's Modern College of Engineering,Computer Engineering, Pune,,JEE,5946.0,81.0,6305.0,79.0,4448.0,90.3786173,5294.0,89.1931005
146,Progressive Education Society's Modern College of Engineering,Computer Engineering, Pune,,JEE,5946.0,81.0,6305.0,79.0,5745.0,88.5200525,4569.0,90.2312418
147,Progressive Education Society's Modern College of Engineering,Computer Engineering, Pune,,JEE,5946.0,81.0,6305.0,79.0,5745.0,88.5200525,5294.0,89.1931005
148,Progressive Education Society's Modern College of Engineering,Computer Engineering, Pune,,JEE,5946.0,81.0,6811.0,76.0,4448.0,90.3786173,4569.0,90.2312418
149,Progressive Education Society's Modern College of Engineering,Computer Engineering, Pune,,JEE,5946.0,81.0,6811.0,76.0,4448.0,90.3786173,5294.0,89.1931005
150,Progressive Education Society's Modern College of Engineering,Computer Engineering, Pune,,JEE,5946.0,81.0,6811.0,76.0,5745.0,88.5200525,4569.0,90.2312418
151,Progressive Education Society's Modern College of Engineering,Computer Engineering, Pune,,JEE,5946.0,81.0,6811.0,76.0,5745.0,88.5200525,5294.0,89.1931005
152,Progressive Education Society's Modern College of Engineering,Computer Engineering, Pune,,JEE,7927.0,72.0,6305.0,79.0,4448.0,90.3786173,4569.0,90.2312418
153,Progressive Education Society's Modern College of Engineering,Computer Engineering, Pune,,JEE,7927.0,72.0,6305.0,79.0,4448.0,90.3786173,5294.0,89.1931005
154,Progressive Education Society's Modern College of Engineering,Computer Engineering, Pune,,JEE,7927.0,72.0,6305.0,79.0,5745.0,88.5200525,4569.0,90.2312418
155,Progressive Education Society's Modern College of Engineering,Computer Engineering, Pune,,JEE,7927.0,72.0,6305.0,79.0,5745.0,88.5200525,5294.0,89.1931005
156,Progressive Education Society's Modern College of Engineering,Computer Engineering, Pune,,JEE,7927.0,72.0,6811.0,76.0,4448.0,90.3786173,4569.0,90.2312418
157,Progressive Education Society's Modern College of Engineering,Computer Engineering, Pune,,JEE,7927.0,72.0,6811.0,76.0,4448.0,90.3786173,5294.0,89.1931005
158,Progressive Education Society's Modern College of Engineering,Computer Engineering, Pune,,JEE,7927.0,72.0,6811.0,76.0,5745.0,88.5200525,4569.0,90.2312418
159,Progressive Education Society's Modern College of Engineering,Computer Engineering, Pune,,JEE,7927.0,72.0,6811.0,76.0,5745.0,88.5200525,5294.0,89.1931005
160,Yeshwantrao Chavan College of Engineering,Information Technology,Wanadongri, Nagpur,JEE,6095.0,80.0,6741.0,77.0,8113.0,85.0622493,7853.0,85.4368932
161,Rizvi Education Society's Rizvi College of Engineering,Civil Engineering, Bandra,Mumbai,JEE,6099.0,80.0,9307.0,67.0,16041.0,75.1591082,35800.0,50.1932767
162,All India Shri Shivaji Memorial Society's Institute of InformationTechnology,Computer Engineering,Pune,,JEE,6129.0,80.0,6169.0,80.0,4822.0,89.8782776,3022.0,92.508913
163,All India Shri Shivaji Memorial Society's Institute of InformationTechnology,Computer Engineering,Pune,,JEE,6129.0,80.0,6169.0,80.0,4822.0,89.8782776,4589.0,90.2312418
164,All India Shri Shivaji Memorial Society's Institute of InformationTechnology,Computer Engineering,Pune,,JEE,6129.0,80.0,6169.0,80.0,5542.0,88.8568844,3022.0,92.508913
165,All India Shri Shivaji Memorial Society's Institute of InformationTechnology,Computer Engineering,Pune,,JEE,6129.0,80.0,6169.0,80.0,5542.0,88.8568844,4589.0,90.2312418
166,All India Shri Shivaji Memorial Society's Institute of InformationTechnology,Computer Engineering,Pune,,JEE,6129.0,80.0,7148.0,75.0,4822.0,89.8782776,3022.0,92.508913
167,All India Shri Shivaji Memorial Society's Institute of InformationTechnology,Computer Engineering,Pune,,JEE,6129.0,80.0,7148.0,75.0,4822.0,89.8782776,4589.0,90.2312418
168,All India Shri Shivaji Memorial Society's Institute of InformationTechnology,Computer Engineering,Pune,,JEE,6129.0,80.0,7148.0,75.0,5542.0,88.8568844,3022.0,92.508913
169,All India Shri Shivaji Memorial Society's Institute of InformationTechnology,Computer Engineering,Pune,,JEE,6129.0,80.0,7148.0,75.0,5542.0,88.8568844,4589.0,90.2312418
170,All India Shri Shivaji Memorial Society's Institute of InformationTechnology,Computer Engineering,Pune,,JEE,7091.0,75.0,6169.0,80.0,4822.0,89.8782776,3022.0,92.508913
171,All India Shri Shivaji Memorial Society's Institute of InformationTechnology,Computer Engineering,Pune,,JEE,7091.0,75.0,6169.0,80.0,4822.0,89.8782776,4589.0,90.2312418
172,All India Shri Shivaji Memorial Society's Institute of InformationTechnology,Computer Engineering,Pune,,JEE,7091.0,75.0,6169.0,80.0,5542.0,88.8568844,3022.0,92.508913
173,All India Shri Shivaji Memorial Society's Institute of InformationTechnology,Computer Engineering,Pune,,JEE,7091.0,75.0,6169.0,80.0,5542.0,88.8568844,4589.0,90.2312418
174,All India Shri Shivaji Memorial Society's Institute of InformationTechnology,Computer Engineering,Pune,,JEE,7091.0,75.0,7148.0,75.0,4822.0,89.8782776,3022.0,92.508913
175,All India Shri Shivaji Memorial Society's Institute of InformationTechnology,Computer Engineering,Pune,,JEE,7091.0,75.0,7148.0,75.0,4822.0,89.8782776,4589.0,90.2312418
176,All India Shri Shivaji Memorial Society's Institute of InformationTechnology,Computer Engineering,Pune,,JEE,7091.0,75.0,7148.0,75.0,5542.0,88.8568844,3022.0,92.508913
177,All India Shri Shivaji Memorial Society's Institute of InformationTechnology,Computer Engineering,Pune,,JEE,7091.0,75.0,7148.0,75.0,5542.0,88.8568844,4589.0,90.2312418
178,Dr. D.Y.Patil Institute of Engineering,Computer Engineering, Management & Reseach, Akurdi,JEE,6140.0,80.0,7533.0,73.0,5270.0,89.2091523,5308.0,89.179415
179,Bansilal Ramnath Agarawal Charitable Trust's Vishwakarma Institute ofTechnology,Production Engineering, Bibwewadi, Pune,JEE,6152.0,80.0,4740.0,89.0,16444.0,74.9711649,17649.0,73.3061832
180,MIT Academy of Engineering,Civil Engineering,Alandi, Pune,JEE,6178.0,80.0,6408.0,79.0,11637.0,80.470773,12310.0,79.7610105
181,A. P. Shah Institute of Technology,Computer Engineering, Thane,,JEE,6226.0,80.0,7053.0,75.0,6324.0,87.652153,7032.0,86.5685661
182,Shree L.R. Tiwari College of Engineering,Computer Engineering, Mira Road, Mumbai,JEE,6539.0,78.0,9849.0,65.0,6048.0,88.0378205,5688.0,88.5707183
183,Thakur College of Engineering and Technology,Electronics Engineering, Kandivali, Mumbai,JEE,6733.0,77.0,4526.0,91.0,6672.0,87.2090374,2719.0,93.038669
184,Mahatma Education Society's Pillai College of Engineering,Computer Engineering, New Panvel,,JEE,6812.0,76.0,6938.0,76.0,5475.0,88.9034061,3925.0,91.2222675
185,Atharva College of Engineering,Computer Engineering,Malad(West),Mumbai,JEE,6872.0,76.0,7000.0,75.0,7242.0,86.3334737,7427.0,86.0470773
186,St. Francis Institute of Technology,Electrical Engineering,Borivali, Mumbai,JEE,7008.0,75.0,12324.0,59.0,16277.0,75.0900995,19812.0,70.5058095
187,G.H.Raisoni College of Engineering & Management,Computer Engineering, Wagholi, Pune,JEE,7051.0,75.0,8419.0,70.0,6507.0,87.3353649,7879.0,85.4368932
188,G.H.Raisoni College of Engineering & Management,Computer Engineering, Wagholi, Pune,JEE,7051.0,75.0,10802.0,62.0,6507.0,87.3353649,7879.0,85.4368932
189,G.H.Raisoni College of Engineering & Management,Computer Engineering, Wagholi, Pune,JEE,9217.0,67.0,8419.0,70.0,6507.0,87.3353649,7879.0,85.4368932
190,G.H.Raisoni College of Engineering & Management,Computer Engineering, Wagholi, Pune,JEE,9217.0,67.0,10802.0,62.0,6507.0,87.3353649,7879.0,85.4368932
191,K. E. Society's Rajarambapu Institute of Technology,Computer Engineering, Walwa, Sangli,JEE,7083.0,75.0,6039.0,80.0,7448.0,86.0316146,6489.0,87.3423798
192,Dr. D. Y. Patil Pratishthan's D.Y.Patil College of Engineering Akurdi,Mechanical Engineering, Pune,,JEE,7112.0,75.0,5868.0,81.0,16431.0,74.9711649,13396.0,78.4246409
193,Dr. D. Y. Patil Pratishthan's D.Y.Patil College of Engineering Akurdi,Mechanical Engineering, Pune,,JEE,7112.0,75.0,7510.0,74.0,16431.0,74.9711649,13396.0,78.4246409
194,Dr. D. Y. Patil Pratishthan's D.Y.Patil College of Engineering Akurdi,Mechanical Engineering, Pune,,JEE,8367.0,70.0,5868.0,81.0,16431.0,74.9711649,13396.0,78.4246409
195,Dr. D. Y. Patil Pratishthan's D.Y.Patil College of Engineering Akurdi,Mechanical Engineering, Pune,,JEE,8367.0,70.0,7510.0,74.0,16431.0,74.9711649,13396.0,78.4246409
196,MKSSS's Cummins College of Engineering for Women,Mechanical Engineering, Karvenagar,Pune,JEE,7166.0,75.0,7926.0,72.0,12661.0,79.2999634,6211.0,87.7871498
197,K. K. Wagh Institute of Engineering Education and Research,Computer Engineering, Nashik,,JEE,7173.0,75.0,6708.0,77.0,5002.0,89.6436928,4213.0,90.7708248
198,Vidyavardhini's College of Engineering and Technology,Computer Engineering, Vasai,,JEE,7410.0,74.0,7481.0,74.0,7672.0,85.744538,8001.0,85.3283287
199,Lokmanya Tilak Jankalyan Shikshan Sanstha,Aeronautical Engineering, Priyadarshani College ofEngineering, Nagpur,JEE,7457.0,74.0,8628.0,69.0,16548.0,74.8024546,22019.0,68.1937916
200,Dr. D. Y. Patil Pratishthan's D.Y.Patil College of Engineering Akurdi,Information Technology, Pune,,JEE,7530.0,73.0,6325.0,79.0,4480.0,90.3715882,4139.0,90.9225631
201,MIT Academy of Engineering,Electronics Engineering,Alandi, Pune,JEE,7598.0,73.0,9413.0,66.0,15244.0,76.1275799,18005.0,72.8849174
202,Thakur College of Engineering and Technology,Civil Engineering, Kandivali, Mumbai,JEE,7868.0,72.0,7069.0,75.0,7743.0,85.6296276,17674.0,73.3061832
203,G. H.Raisoni Institute of Engineering and Technology,Computer Engineering, Wagholi, Pune,JEE,8172.0,70.0,10823.0,62.0,6648.0,87.221647,7762.0,85.488983
204,Mahatma Education Society's Pillai College of Engineering,Mechanical Engineering, New Panvel,,JEE,8275.0,70.0,8437.0,70.0,15277.0,76.0101923,41448.0,41.7292723
205,All India Shri Shivaji Memorial Society's Institute of InformationTechnology,Information Technology,Pune,,JEE,8282.0,70.0,7583.0,73.0,6647.0,87.221647,5202.0,89.3183196
206,Modern Education Society's College of Engineering,Computer Engineering, Pune,,JEE,8414.0,70.0,7301.0,75.0,6531.0,87.3174834,6110.0,87.9271554
207,Modern Education Society's College of Engineering,Computer Engineering, Pune,,JEE,8414.0,70.0,7301.0,75.0,6531.0,87.3174834,6441.0,87.4924247
208,Modern Education Society's College of Engineering,Computer Engineering, Pune,,JEE,8414.0,70.0,7301.0,75.0,7026.0,86.5792393,6110.0,87.9271554
209,Modern Education Society's College of Engineering,Computer Engineering, Pune,,JEE,8414.0,70.0,7301.0,75.0,7026.0,86.5792393,6441.0,87.4924247
210,Modern Education Society's College of Engineering,Computer Engineering, Pune,,JEE,8414.0,70.0,9873.0,65.0,6531.0,87.3174834,6110.0,87.9271554
211,Modern Education Society's College of Engineering,Computer Engineering, Pune,,JEE,8414.0,70.0,9873.0,65.0,6531.0,87.3174834,6441.0,87.4924247
212,Modern Education Society's College of Engineering,Computer Engineering, Pune,,JEE,8414.0,70.0,9873.0,65.0,7026.0,86.5792393,6110.0,87.9271554
213,Modern Education Society's College of Engineering,Computer Engineering, Pune,,JEE,8414.0,70.0,9873.0,65.0,7026.0,86.5792393,6441.0,87.4924247
214,Modern Education Society's College of Engineering,Computer Engineering, Pune,,JEE,9288.0,67.0,7301.0,75.0,6531.0,87.3174834,6110.0,87.9271554
215,Modern Education Society's College of Engineering,Computer Engineering, Pune,,JEE,9288.0,67.0,7301.0,75.0,6531.0,87.3174834,6441.0,87.4924247
216,Modern Education Society's College of Engineering,Computer Engineering, Pune,,JEE,9288.0,67.0,7301.0,75.0,7026.0,86.5792393,6110.0,87.9271554
217,Modern Education Society's College of Engineering,Computer Engineering, Pune,,JEE,9288.0,67.0,7301.0,75.0,7026.0,86.5792393,6441.0,87.4924247
218,Modern Education Society's College of Engineering,Computer Engineering, Pune,,JEE,9288.0,67.0,9873.0,65.0,6531.0,87.3174834,6110.0,87.9271554
219,Modern Education Society's College of Engineering,Computer Engineering, Pune,,JEE,9288.0,67.0,9873.0,65.0,6531.0,87.3174834,6441.0,87.4924247
220,Modern Education Society's College of Engineering,Computer Engineering, Pune,,JEE,9288.0,67.0,9873.0,65.0,7026.0,86.5792393,6110.0,87.9271554
221,Modern Education Society's College of Engineering,Computer Engineering, Pune,,JEE,9288.0,67.0,9873.0,65.0,7026.0,86.5792393,6441.0,87.4924247
222,Terna Engineering College,Computer Engineering, Nerul, Navi Mumbai,JEE,8417.0,70.0,10742.0,62.0,8779.0,84.3040913,9019.0,83.8310209
223,Terna Engineering College,Computer Engineering, Nerul, Navi Mumbai,JEE,8417.0,70.0,10742.0,62.0,8779.0,84.3040913,9497.0,83.2164625
224,Terna Engineering College,Computer Engineering, Nerul, Navi Mumbai,JEE,8417.0,70.0,10742.0,62.0,9988.0,82.529609,9019.0,83.8310209
225,Terna Engineering College,Computer Engineering, Nerul, Navi Mumbai,JEE,8417.0,70.0,10742.0,62.0,9988.0,82.529609,9497.0,83.2164625
226,Terna Engineering College,Computer Engineering, Nerul, Navi Mumbai,JEE,8417.0,70.0,11884.0,60.0,8779.0,84.3040913,9019.0,83.8310209
227,Terna Engineering College,Computer Engineering, Nerul, Navi Mumbai,JEE,8417.0,70.0,11884.0,60.0,8779.0,84.3040913,9497.0,83.2164625
228,Terna Engineering College,Computer Engineering, Nerul, Navi Mumbai,JEE,8417.0,70.0,11884.0,60.0,9988.0,82.529609,9019.0,83.8310209
229,Terna Engineering College,Computer Engineering, Nerul, Navi Mumbai,JEE,8417.0,70.0,11884.0,60.0,9988.0,82.529609,9497.0,83.2164625
230,Terna Engineering College,Computer Engineering, Nerul, Navi Mumbai,JEE,10060.0,65.0,10742.0,62.0,8779.0,84.3040913,9019.0,83.8310209
231,Terna Engineering College,Computer Engineering, Nerul, Navi Mumbai,JEE,10060.0,65.0,10742.0,62.0,8779.0,84.3040913,9497.0,83.2164625
232,Terna Engineering College,Computer Engineering, Nerul, Navi Mumbai,JEE,10060.0,65.0,10742.0,62.0,9988.0,82.529609,9019.0,83.8310209
233,Terna Engineering College,Computer Engineering, Nerul, Navi Mumbai,JEE,10060.0,65.0,10742.0,62.0,9988.0,82.529609,9497.0,83.2164625
234,Terna Engineering College,Computer Engineering, Nerul, Navi Mumbai,JEE,10060.0,65.0,11884.0,60.0,8779.0,84.3040913,9019.0,83.8310209
235,Terna Engineering College,Computer Engineering, Nerul, Navi Mumbai,JEE,10060.0,65.0,11884.0,60.0,8779.0,84.3040913,9497.0,83.2164625
236,Terna Engineering College,Computer Engineering, Nerul, Navi Mumbai,JEE,10060.0,65.0,11884.0,60.0,9988.0,82.529609,9019.0,83.8310209
237,Terna Engineering College,Computer Engineering, Nerul, Navi Mumbai,JEE,10060.0,65.0,11884.0,60.0,9988.0,82.529609,9497.0,83.2164625
238,All India Shri Shivaji Memorial Society's College of Engineering,Mechanical Engineering, Pune,,JEE,8533.0,70.0,8466.0,70.0,18957.0,71.5411222,18734.0,71.9628422
239,Yeshwantrao Chavan College of Engineering,Mechanical Engineering,Wanadongri, Nagpur,JEE,8595.0,70.0,10033.0,65.0,20790.0,69.5721052,17971.0,72.8887969
240,K. K. Wagh Institute of Engineering Education and Research,Civil Engineering, Nashik,,JEE,8610.0,70.0,5353.0,85.0,14766.0,76.7218886,13547.0,78.2825982
241,K. K. Wagh Institute of Engineering Education and Research,Civil Engineering, Nashik,,JEE,8610.0,70.0,5353.0,85.0,14766.0,76.7218886,19778.0,70.5058095
242,K. K. Wagh Institute of Engineering Education and Research,Civil Engineering, Nashik,,JEE,8610.0,70.0,5353.0,85.0,20625.0,70.0394263,13547.0,78.2825982
243,K. K. Wagh Institute of Engineering Education and Research,Civil Engineering, Nashik,,JEE,8610.0,70.0,5353.0,85.0,20625.0,70.0394263,19778.0,70.5058095
244,K. K. Wagh Institute of Engineering Education and Research,Civil Engineering, Nashik,,JEE,8610.0,70.0,14811.0,53.0,14766.0,76.7218886,13547.0,78.2825982
245,K. K. Wagh Institute of Engineering Education and Research,Civil Engineering, Nashik,,JEE,8610.0,70.0,14811.0,53.0,14766.0,76.7218886,19778.0,70.5058095
246,K. K. Wagh Institute of Engineering Education and Research,Civil Engineering, Nashik,,JEE,8610.0,70.0,14811.0,53.0,20625.0,70.0394263,13547.0,78.2825982
247,K. K. Wagh Institute of Engineering Education and Research,Civil Engineering, Nashik,,JEE,8610.0,70.0,14811.0,53.0,20625.0,70.0394263,19778.0,70.5058095
248,K. K. Wagh Institute of Engineering Education and Research,Civil Engineering, Nashik,,JEE,11911.0,60.0,5353.0,85.0,14766.0,76.7218886,13547.0,78.2825982
249,K. K. Wagh Institute of Engineering Education and Research,Civil Engineering, Nashik,,JEE,11911.0,60.0,5353.0,85.0,14766.0,76.7218886,19778.0,70.5058095
250,K. K. Wagh Institute of Engineering Education and Research,Civil Engineering, Nashik,,JEE,11911.0,60.0,5353.0,85.0,20625.0,70.0394263,13547.0,78.2825982
251,K. K. Wagh Institute of Engineering Education and Research,Civil Engineering, Nashik,,JEE,11911.0,60.0,5353.0,85.0,20625.0,70.0394263,19778.0,70.5058095
252,K. K. Wagh Institute of Engineering Education and Research,Civil Engineering, Nashik,,JEE,11911.0,60.0,14811.0,53.0,14766.0,76.7218886,13547.0,78.2825982
253,K. K. Wagh Institute of Engineering Education and Research,Civil Engineering, Nashik,,JEE,11911.0,60.0,14811.0,53.0,14766.0,76.7218886,19778.0,70.5058095
254,K. K. Wagh Institute of Engineering Education and Research,Civil Engineering, Nashik,,JEE,11911.0,60.0,14811.0,53.0,20625.0,70.0394263,13547.0,78.2825982
255,K. K. Wagh Institute of Engineering Education and Research,Civil Engineering, Nashik,,JEE,11911.0,60.0,14811.0,53.0,20625.0,70.0394263,19778.0,70.5058095
256,Atharva College of Engineering,Information Technology,Malad(West),Mumbai,JEE,8632.0,69.0,7589.0,73.0,9512.0,83.2164625,10512.0,81.8931529
257,K. K. Wagh Institute of Engineering Education and Research,Information Technology, Nashik,,JEE,8731.0,69.0,9450.0,66.0,6128.0,87.9271554,4962.0,89.6834795
258,K. E. Society's Rajarambapu Institute of Technology,Civil Engineering, Walwa, Sangli,JEE,8921.0,68.0,7161.0,75.0,13424.0,78.4246409,8186.0,85.0128714
259,Sinhgad Technical Education Society's Smt. Kashibai Navale College ofEngineering,Computer Engineering,Vadgaon,Pune,JEE,8949.0,68.0,12066.0,59.0,8365.0,84.8353696,6906.0,86.8555875
260,Sinhgad Technical Education Society's Smt. Kashibai Navale College ofEngineering,Computer Engineering,Vadgaon,Pune,JEE,8949.0,68.0,12066.0,59.0,8365.0,84.8353696,7207.0,86.3819671
261,Sinhgad Technical Education Society's Smt. Kashibai Navale College ofEngineering,Computer Engineering,Vadgaon,Pune,JEE,8949.0,68.0,12066.0,59.0,8836.0,84.1854032,6906.0,86.8555875
262,Sinhgad Technical Education Society's Smt. Kashibai Navale College ofEngineering,Computer Engineering,Vadgaon,Pune,JEE,8949.0,68.0,12066.0,59.0,8836.0,84.1854032,7207.0,86.3819671
263,Sinhgad Technical Education Society's Smt. Kashibai Navale College ofEngineering,Computer Engineering,Vadgaon,Pune,JEE,8949.0,68.0,12512.0,58.0,8365.0,84.8353696,6906.0,86.8555875
264,Sinhgad Technical Education Society's Smt. Kashibai Navale College ofEngineering,Computer Engineering,Vadgaon,Pune,JEE,8949.0,68.0,12512.0,58.0,8365.0,84.8353696,7207.0,86.3819671
265,Sinhgad Technical Education Society's Smt. Kashibai Navale College ofEngineering,Computer Engineering,Vadgaon,Pune,JEE,8949.0,68.0,12512.0,58.0,8836.0,84.1854032,6906.0,86.8555875
266,Sinhgad Technical Education Society's Smt. Kashibai Navale College ofEngineering,Computer Engineering,Vadgaon,Pune,JEE,8949.0,68.0,12512.0,58.0,8836.0,84.1854032,7207.0,86.3819671
267,Sinhgad Technical Education Society's Smt. Kashibai Navale College ofEngineering,Computer Engineering,Vadgaon,Pune,JEE,9718.0,65.0,12066.0,59.0,8365.0,84.8353696,6906.0,86.8555875
268,Sinhgad Technical Education Society's Smt. Kashibai Navale College ofEngineering,Computer Engineering,Vadgaon,Pune,JEE,9718.0,65.0,12066.0,59.0,8365.0,84.8353696,7207.0,86.3819671
269,Sinhgad Technical Education Society's Smt. Kashibai Navale College ofEngineering,Computer Engineering,Vadgaon,Pune,JEE,9718.0,65.0,12066.0,59.0,8836.0,84.1854032,6906.0,86.8555875
270,Sinhgad Technical Education Society's Smt. Kashibai Navale College ofEngineering,Computer Engineering,Vadgaon,Pune,JEE,9718.0,65.0,12066.0,59.0,8836.0,84.1854032,7207.0,86.3819671
271,Sinhgad Technical Education Society's Smt. Kashibai Navale College ofEngineering,Computer Engineering,Vadgaon,Pune,JEE,9718.0,65.0,12512.0,58.0,8365.0,84.8353696,6906.0,86.8555875
272,Sinhgad Technical Education Society's Smt. Kashibai Navale College ofEngineering,Computer Engineering,Vadgaon,Pune,JEE,9718.0,65.0,12512.0,58.0,8365.0,84.8353696,7207.0,86.3819671
273,Sinhgad Technical Education Society's Smt. Kashibai Navale College ofEngineering,Computer Engineering,Vadgaon,Pune,JEE,9718.0,65.0,12512.0,58.0,8836.0,84.1854032,6906.0,86.8555875
274,Sinhgad Technical Education Society's Smt. Kashibai Navale College ofEngineering,Computer Engineering,Vadgaon,Pune,JEE,9718.0,65.0,12512.0,58.0,8836.0,84.1854032,7207.0,86.3819671
275,N.Y.S.S.'s Datta Meghe College of Engineering,Computer Engineering, Airoli, Navi Mumbai,JEE,8953.0,68.0,10264.0,64.0,7661.0,85.7869807,9722.0,82.9589254
276,Annasaheb Dange College of Engineering and Technology,Aeronautical Engineering, Ashta, Sangli,JEE,9100.0,67.0,7290.0,75.0,18610.0,72.0753904,25342.0,63.8282598
277,Pune District Education  Association's College of Engineering,Computer Engineering, Pune,,JEE,9118.0,67.0,17890.0,48.0,13940.0,77.715872,18048.0,72.8849174
278,K. K. Wagh Institute of Engineering Education and Research,Mechanical Engineering, Nashik,,JEE,9157.0,67.0,7994.0,71.0,28190.0,60.2733485,31766.0,55.9656403
279,K. K. Wagh Institute of Engineering Education and Research,Mechanical Engineering, Nashik,,JEE,9157.0,67.0,7994.0,71.0,33987.0,52.8740068,31766.0,55.9656403
280,K. K. Wagh Institute of Engineering Education and Research,Mechanical Engineering, Nashik,,JEE,9157.0,67.0,10936.0,62.0,28190.0,60.2733485,31766.0,55.9656403
281,K. K. Wagh Institute of Engineering Education and Research,Mechanical Engineering, Nashik,,JEE,9157.0,67.0,10936.0,62.0,33987.0,52.8740068,31766.0,55.9656403
282,K. K. Wagh Institute of Engineering Education and Research,Mechanical Engineering, Nashik,,JEE,11019.0,62.0,7994.0,71.0,28190.0,60.2733485,31766.0,55.9656403
283,K. K. Wagh Institute of Engineering Education and Research,Mechanical Engineering, Nashik,,JEE,11019.0,62.0,7994.0,71.0,33987.0,52.8740068,31766.0,55.9656403
284,K. K. Wagh Institute of Engineering Education and Research,Mechanical Engineering, Nashik,,JEE,11019.0,62.0,10936.0,62.0,28190.0,60.2733485,31766.0,55.9656403
285,K. K. Wagh Institute of Engineering Education and Research,Mechanical Engineering, Nashik,,JEE,11019.0,62.0,10936.0,62.0,33987.0,52.8740068,31766.0,55.9656403
286,Lokmanya Tilak College of Engineering,Computer Engineering, Kopar Khairane, Navi Mumbai,JEE,9158.0,67.0,11088.0,61.0,10363.0,82.1817193,10147.0,82.3764002
287,Shri Sant Gajanan Maharaj College of Engineering,Mechanical Engineering,Shegaon,,JEE,9261.0,67.0,11212.0,61.0,23013.0,66.8716372,28455.0,60.1371142
288,Progressive Education Society's Modern College of Engineering,Information Technology, Pune,,JEE,9338.0,67.0,8738.0,69.0,7282.0,86.2234746,6099.0,87.9538023
289,Progressive Education Society's Modern College of Engineering,Information Technology, Pune,,JEE,9338.0,67.0,8738.0,69.0,7282.0,86.2234746,6217.0,87.7810287
290,Progressive Education Society's Modern College of Engineering,Information Technology, Pune,,JEE,9338.0,67.0,8738.0,69.0,8086.0,85.1084939,6099.0,87.9538023
291,Progressive Education Society's Modern College of Engineering,Information Technology, Pune,,JEE,9338.0,67.0,8738.0,69.0,8086.0,85.1084939,6217.0,87.7810287
292,Progressive Education Society's Modern College of Engineering,Information Technology, Pune,,JEE,9338.0,67.0,9383.0,66.0,7282.0,86.2234746,6099.0,87.9538023
293,Progressive Education Society's Modern College of Engineering,Information Technology, Pune,,JEE,9338.0,67.0,9383.0,66.0,7282.0,86.2234746,6217.0,87.7810287
294,Progressive Education Society's Modern College of Engineering,Information Technology, Pune,,JEE,9338.0,67.0,9383.0,66.0,8086.0,85.1084939,6099.0,87.9538023
295,Progressive Education Society's Modern College of Engineering,Information Technology, Pune,,JEE,9338.0,67.0,9383.0,66.0,8086.0,85.1084939,6217.0,87.7810287
296,Progressive Education Society's Modern College of Engineering,Information Technology, Pune,,JEE,10112.0,64.0,8738.0,69.0,7282.0,86.2234746,6099.0,87.9538023
297,Progressive Education Society's Modern College of Engineering,Information Technology, Pune,,JEE,10112.0,64.0,8738.0,69.0,7282.0,86.2234746,6217.0,87.7810287
298,Progressive Education Society's Modern College of Engineering,Information Technology, Pune,,JEE,10112.0,64.0,8738.0,69.0,8086.0,85.1084939,6099.0,87.9538023
299,Progressive Education Society's Modern College of Engineering,Information Technology, Pune,,JEE,10112.0,64.0,8738.0,69.0,8086.0,85.1084939,6217.0,87.7810287
300,Progressive Education Society's Modern College of Engineering,Information Technology, Pune,,JEE,10112.0,64.0,9383.0,66.0,7282.0,86.2234746,6099.0,87.9538023
301,Progressive Education Society's Modern College of Engineering,Information Technology, Pune,,JEE,10112.0,64.0,9383.0,66.0,7282.0,86.2234746,6217.0,87.7810287
302,Progressive Education Society's Modern College of Engineering,Information Technology, Pune,,JEE,10112.0,64.0,9383.0,66.0,8086.0,85.1084939,6099.0,87.9538023
303,Progressive Education Society's Modern College of Engineering,Information Technology, Pune,,JEE,10112.0,64.0,9383.0,66.0,8086.0,85.1084939,6217.0,87.7810287
304,Ankush Shikshan Sanstha's G.H.Raisoni College of Engineering,Information Technology, Nagpur,,JEE,9450.0,66.0,9291.0,67.0,8755.0,84.3040913,8426.0,84.7348983
305,Vidyavardhini's College of Engineering and Technology,Mechanical Engineering, Vasai,,JEE,9691.0,65.0,10197.0,64.0,22650.0,67.169126,53500.0,14.1378096
306,Vidyavardhini's College of Engineering and Technology,Mechanical Engineering, Vasai,,JEE,9691.0,65.0,10197.0,64.0,28729.0,59.4964083,53500.0,14.1378096
307,Marathwada Mitra Mandal's College of Engineering,Computer Engineering, Karvenagar, Pune,JEE,9694.0,65.0,9584.0,66.0,6838.0,86.8921614,7230.0,86.3334737
308,Shri Sant Gajanan Maharaj College of Engineering,Information Technology,Shegaon,,JEE,9696.0,65.0,9255.0,67.0,9521.0,83.2164625,7105.0,86.4765691
309,Vidyavardhini's College of Engineering and Technology,Information Technology, Vasai,,JEE,9705.0,65.0,9531.0,66.0,9795.0,82.8349555,9989.0,82.529609
310,Lokmanya Tilak Jankalyan Shikshan Sanstha's ,Chemical Engineering, Priyadarshini Institute ofEngineering and Technology, Nagpur,JEE,9832.0,65.0,10018.0,65.0,9952.0,82.6456988,27522.0,61.2449702
311,Lokmanya Tilak Jankalyan Shikshan Sanstha's ,Chemical Engineering, Priyadarshini Institute ofEngineering and Technology, Nagpur,JEE,9832.0,65.0,10018.0,65.0,9952.0,82.6456988,47808.0,30.0602099
312,Kolhapur Institute of Technology's College of Engineering(Autonomous),Mechanical Engineering,Kolhapur,,JEE,10380.0,64.0,9959.0,65.0,39374.0,44.6527699,30130.0,57.9363384
313,Mahatma Education Society's Pillai College of Engineering,Information Technology, New Panvel,,JEE,10416.0,63.0,10900.0,62.0,7332.0,86.1693056,7661.0,85.7869807
314,Dr. D.Y.Patil Institute of Engineering,Chemical Engineering, Management & Reseach, Akurdi,JEE,10425.0,63.0,13641.0,55.0,18968.0,71.5284584,24662.0,64.8959321
315,Yeshwantrao Chavan College of Engineering,Civil Engineering,Wanadongri, Nagpur,JEE,10433.0,63.0,10864.0,62.0,21102.0,69.2278304,17404.0,73.5421187
316,Ankush Shikshan Sanstha's G.H.Raisoni College of Engineering,Civil Engineering, Nagpur,,JEE,10474.0,63.0,11233.0,61.0,23179.0,66.7475854,27743.0,60.9325994
317,Sinhgad College of Engineering,Chemical Engineering, Vadgaon (BK), Pune,JEE,10646.0,63.0,16362.0,50.0,22727.0,67.1137277,37040.0,48.5331918
318,Sinhgad College of Engineering,Chemical Engineering, Vadgaon (BK), Pune,JEE,10646.0,63.0,16362.0,50.0,22727.0,67.1137277,39579.0,44.4346883
319,Sinhgad College of Engineering,Chemical Engineering, Vadgaon (BK), Pune,JEE,10646.0,63.0,16362.0,50.0,22727.0,67.1137277,39638.0,44.4053173
320,N.Y.S.S.'s Datta Meghe College of Engineering,Information Technology, Airoli, Navi Mumbai,JEE,10793.0,62.0,10657.0,63.0,12904.0,79.1882377,13393.0,78.4246409
321,Progressive Education Society's Modern College of Engineering,Mechanical Engineering, Pune,,JEE,10807.0,62.0,8517.0,70.0,54091.0,11.4550268,28342.0,60.1411398
322,Progressive Education Society's Modern College of Engineering,Mechanical Engineering, Pune,,JEE,10807.0,62.0,8517.0,70.0,54091.0,11.4550268,38078.0,47.0407952
323,Progressive Education Society's Modern College of Engineering,Mechanical Engineering, Pune,,JEE,10807.0,62.0,12116.0,59.0,54091.0,11.4550268,28342.0,60.1411398
324,Progressive Education Society's Modern College of Engineering,Mechanical Engineering, Pune,,JEE,10807.0,62.0,12116.0,59.0,54091.0,11.4550268,38078.0,47.0407952
325,Progressive Education Society's Modern College of Engineering,Mechanical Engineering, Pune,,JEE,14189.0,55.0,8517.0,70.0,54091.0,11.4550268,28342.0,60.1411398
326,Progressive Education Society's Modern College of Engineering,Mechanical Engineering, Pune,,JEE,14189.0,55.0,8517.0,70.0,54091.0,11.4550268,38078.0,47.0407952
327,Progressive Education Society's Modern College of Engineering,Mechanical Engineering, Pune,,JEE,14189.0,55.0,12116.0,59.0,54091.0,11.4550268,28342.0,60.1411398
328,Progressive Education Society's Modern College of Engineering,Mechanical Engineering, Pune,,JEE,14189.0,55.0,12116.0,59.0,54091.0,11.4550268,38078.0,47.0407952
329,JSPM's Imperial College of Engineering and Research,Computer Engineering, Wagholi, Pune,JEE,10971.0,62.0,12663.0,58.0,8967.0,83.953146,9702.0,82.9628761
330,Shree L.R. Tiwari College of Engineering,Information Technology, Mira Road, Mumbai,JEE,11029.0,61.0,11879.0,60.0,9090.0,83.7592344,6131.0,87.9271554
331,K. K. Wagh Institute of Engineering Education and Research,Electrical Engineering, Nashik,,JEE,11293.0,61.0,11116.0,61.0,16363.0,74.9989387,21108.0,69.2278304
332,K. K. Wagh Institute of Engineering Education and Research,Electrical Engineering, Nashik,,JEE,11293.0,61.0,11116.0,61.0,16363.0,74.9989387,32527.0,54.8724746
333,K. K. Wagh Institute of Engineering Education and Research,Electrical Engineering, Nashik,,JEE,11293.0,61.0,11116.0,61.0,29807.0,58.2063894,21108.0,69.2278304
334,K. K. Wagh Institute of Engineering Education and Research,Electrical Engineering, Nashik,,JEE,11293.0,61.0,11116.0,61.0,29807.0,58.2063894,32527.0,54.8724746
335,K. K. Wagh Institute of Engineering Education and Research,Electrical Engineering, Nashik,,JEE,11293.0,61.0,11315.0,61.0,16363.0,74.9989387,21108.0,69.2278304
336,K. K. Wagh Institute of Engineering Education and Research,Electrical Engineering, Nashik,,JEE,11293.0,61.0,11315.0,61.0,16363.0,74.9989387,32527.0,54.8724746
337,K. K. Wagh Institute of Engineering Education and Research,Electrical Engineering, Nashik,,JEE,11293.0,61.0,11315.0,61.0,29807.0,58.2063894,21108.0,69.2278304
338,K. K. Wagh Institute of Engineering Education and Research,Electrical Engineering, Nashik,,JEE,11293.0,61.0,11315.0,61.0,29807.0,58.2063894,32527.0,54.8724746
339,K. K. Wagh Institute of Engineering Education and Research,Electrical Engineering, Nashik,,JEE,15453.0,52.0,11116.0,61.0,16363.0,74.9989387,21108.0,69.2278304
340,K. K. Wagh Institute of Engineering Education and Research,Electrical Engineering, Nashik,,JEE,15453.0,52.0,11116.0,61.0,16363.0,74.9989387,32527.0,54.8724746
341,K. K. Wagh Institute of Engineering Education and Research,Electrical Engineering, Nashik,,JEE,15453.0,52.0,11116.0,61.0,29807.0,58.2063894,21108.0,69.2278304
342,K. K. Wagh Institute of Engineering Education and Research,Electrical Engineering, Nashik,,JEE,15453.0,52.0,11116.0,61.0,29807.0,58.2063894,32527.0,54.8724746
343,K. K. Wagh Institute of Engineering Education and Research,Electrical Engineering, Nashik,,JEE,15453.0,52.0,11315.0,61.0,16363.0,74.9989387,21108.0,69.2278304
344,K. K. Wagh Institute of Engineering Education and Research,Electrical Engineering, Nashik,,JEE,15453.0,52.0,11315.0,61.0,16363.0,74.9989387,32527.0,54.8724746
345,K. K. Wagh Institute of Engineering Education and Research,Electrical Engineering, Nashik,,JEE,15453.0,52.0,11315.0,61.0,29807.0,58.2063894,21108.0,69.2278304
346,K. K. Wagh Institute of Engineering Education and Research,Electrical Engineering, Nashik,,JEE,15453.0,52.0,11315.0,61.0,29807.0,58.2063894,32527.0,54.8724746
347,Smt. Indira Gandhi College of Engineering,Computer Engineering, Navi Mumbai,,JEE,11333.0,61.0,13459.0,55.0,14005.0,77.656323,14830.0,76.7169081
348,ST. Vincent Pallotti College of Engineering & Technology,Civil Engineering, Nagpur,,JEE,11422.0,60.0,12187.0,59.0,27740.0,60.9325994,25028.0,64.1045808
349,ST. Vincent Pallotti College of Engineering & Technology,Civil Engineering, Nagpur,,JEE,11422.0,60.0,12187.0,59.0,27740.0,60.9325994,30617.0,57.1182619
350,G.H.Raisoni College of Engineering & Management,Information Technology, Wagholi, Pune,JEE,11448.0,60.0,12579.0,58.0,7541.0,85.8991652,8290.0,84.8392186
351,All India Shri Shivaji Memorial Society's College of Engineering,Electrical Engineering, Pune,,JEE,11713.0,60.0,11151.0,61.0,21425.0,68.7138181,14399.0,77.2066825
352,All India Shri Shivaji Memorial Society's College of Engineering,Civil Engineering, Pune,,JEE,11729.0,60.0,10789.0,62.0,19859.0,70.5058095,19453.0,71.0442546
353,Prof. Ram Meghe Institute of Technology & Research,Civil Engineering, Amravati,,JEE,11739.0,60.0,12764.0,57.0,42392.0,40.1103087,50313.0,23.6800095
354,Prof. Ram Meghe Institute of Technology & Research,Civil Engineering, Amravati,,JEE,11739.0,60.0,12764.0,57.0,42392.0,40.1103087,50839.0,22.3648508
355,Prof. Ram Meghe Institute of Technology & Research,Civil Engineering, Amravati,,JEE,11739.0,60.0,12764.0,57.0,49614.0,25.1627968,50313.0,23.6800095
356,Prof. Ram Meghe Institute of Technology & Research,Civil Engineering, Amravati,,JEE,11739.0,60.0,12764.0,57.0,49614.0,25.1627968,50839.0,22.3648508
357,Prof. Ram Meghe Institute of Technology & Research,Civil Engineering, Amravati,,JEE,11739.0,60.0,17607.0,48.0,42392.0,40.1103087,50313.0,23.6800095
358,Prof. Ram Meghe Institute of Technology & Research,Civil Engineering, Amravati,,JEE,11739.0,60.0,17607.0,48.0,42392.0,40.1103087,50839.0,22.3648508
359,Prof. Ram Meghe Institute of Technology & Research,Civil Engineering, Amravati,,JEE,11739.0,60.0,17607.0,48.0,49614.0,25.1627968,50313.0,23.6800095
360,Prof. Ram Meghe Institute of Technology & Research,Civil Engineering, Amravati,,JEE,11739.0,60.0,17607.0,48.0,49614.0,25.1627968,50839.0,22.3648508
361,Prof. Ram Meghe Institute of Technology & Research,Civil Engineering, Amravati,,JEE,15376.0,52.0,12764.0,57.0,42392.0,40.1103087,50313.0,23.6800095
362,Prof. Ram Meghe Institute of Technology & Research,Civil Engineering, Amravati,,JEE,15376.0,52.0,12764.0,57.0,42392.0,40.1103087,50839.0,22.3648508
363,Prof. Ram Meghe Institute of Technology & Research,Civil Engineering, Amravati,,JEE,15376.0,52.0,12764.0,57.0,49614.0,25.1627968,50313.0,23.6800095
364,Prof. Ram Meghe Institute of Technology & Research,Civil Engineering, Amravati,,JEE,15376.0,52.0,12764.0,57.0,49614.0,25.1627968,50839.0,22.3648508
365,Prof. Ram Meghe Institute of Technology & Research,Civil Engineering, Amravati,,JEE,15376.0,52.0,17607.0,48.0,42392.0,40.1103087,50313.0,23.6800095
366,Prof. Ram Meghe Institute of Technology & Research,Civil Engineering, Amravati,,JEE,15376.0,52.0,17607.0,48.0,42392.0,40.1103087,50839.0,22.3648508
367,Prof. Ram Meghe Institute of Technology & Research,Civil Engineering, Amravati,,JEE,15376.0,52.0,17607.0,48.0,49614.0,25.1627968,50313.0,23.6800095
368,Prof. Ram Meghe Institute of Technology & Research,Civil Engineering, Amravati,,JEE,15376.0,52.0,17607.0,48.0,49614.0,25.1627968,50839.0,22.3648508
369,JSPM'S Jaywantrao Sawant College of Engineering,Computer Engineering,Pune,,JEE,11766.0,60.0,14054.0,55.0,8316.0,84.8392186,8030.0,85.3100989
370,Ankush Shikshan Sanstha's G.H.Raisoni College of Engineering,Mechanical Engineering, Nagpur,,JEE,11853.0,60.0,12303.0,59.0,23893.0,65.7479355,33222.0,53.6294609
371,Terna Engineering College,Information Technology, Nerul, Navi Mumbai,JEE,12004.0,60.0,12540.0,58.0,11023.0,81.2676448,8017.0,85.3283287
372,Vidyalankar Institute of Technology,Bio Medical Engineering,Wadala, Mumbai,JEE,12314.0,59.0,14548.0,54.0,23183.0,66.7475854,29640.0,58.5627464
373,Lokmanya Tilak College of Engineering,Electrical Engineering, Kopar Khairane, Navi Mumbai,JEE,12324.0,59.0,19932.0,45.0,28198.0,60.2733485,16938.0,74.0207333
374,Marathwada Mitra Mandal's College of Engineering,Information Technology, Karvenagar, Pune,JEE,12384.0,58.0,10771.0,62.0,8875.0,84.1362819,8534.0,84.5759453
375,All India Shri Shivaji Memorial Society's College of Engineering,Chemical Engineering, Pune,,JEE,12565.0,58.0,12748.0,57.0,23163.0,66.7783253,23016.0,66.8465024
376,Jawahar Education Society's Annasaheb Chudaman Patil College ofEngineering,Computer Engineering,Kharghar, Navi Mumbai,JEE,12803.0,57.0,13850.0,55.0,13300.0,78.5069617,13361.0,78.4246409
377,K. K. Wagh Institute of Engineering Education and Research,Chemical Engineering, Nashik,,JEE,12810.0,57.0,13218.0,56.0,26730.0,62.1723066,29079.0,59.1726334
378,G. H.Raisoni Institute of Engineering and Technology,Information Technology, Wagholi, Pune,JEE,13023.0,57.0,14911.0,53.0,7686.0,85.6840892,9282.0,83.5120597
379,Lokmanya Tilak Jankalyan Shikshan Sanstha,Computer Technology, Priyadarshani College ofEngineering, Nagpur,JEE,13067.0,56.0,15715.0,51.0,19688.0,70.854117,12012.0,80.2950778
380,Bajaj Institute of Technology,Electrical Engineering, Wardha,,JEE,13182.0,56.0,16899.0,50.0,16026.0,75.1591082,1744.0,94.6215562
381,Vidyalankar Institute of Technology,Electronics Engineering,Wadala, Mumbai,JEE,13327.0,56.0,14703.0,53.0,18915.0,71.7920906,49900.0,24.5298782
382,Bajaj Institute of Technology,Computer Engineering, Wardha,,JEE,13349.0,56.0,7779.0,72.0,9831.0,82.75399,10807.0,81.6656313
383,Pune District Education  Association's College of Engineering,Information Technology, Pune,,JEE,13358.0,56.0,16282.0,50.0,16563.0,74.8024546,16271.0,75.0900995
384,Priyadarshini Bhagwati  College of Engineering,Civil Engineering, Harpur Nagar, UmredRoad,JEE,13480.0,55.0,32356.0,31.0,35148.0,51.4351083,39406.0,44.4405329
385,Priyadarshini Bhagwati  College of Engineering,Civil Engineering, Harpur Nagar, UmredRoad,JEE,13480.0,55.0,32356.0,31.0,35148.0,51.4351083,41163.0,42.2361371
386,Priyadarshini Bhagwati  College of Engineering,Civil Engineering, Harpur Nagar, UmredRoad,JEE,13480.0,55.0,64816.0,5.0,35148.0,51.4351083,39406.0,44.4405329
387,Priyadarshini Bhagwati  College of Engineering,Civil Engineering, Harpur Nagar, UmredRoad,JEE,13480.0,55.0,64816.0,5.0,35148.0,51.4351083,41163.0,42.2361371
388,Lokmanya Tilak Jankalyan Shikshan Sastha,Civil Engineering, Priyadarshini J. L. College OfEngineering, Nagpur,JEE,13481.0,55.0,20860.0,44.0,42478.0,39.9073588,54778.0,8.2608142
389,Dr. D.Y.Patil Institute of Engineering,Mechanical Engineering, Management & Reseach, Akurdi,JEE,13573.0,55.0,13469.0,55.0,45605.0,34.3267209,23582.0,66.0525752
390,Dr. D.Y.Patil Institute of Engineering,Mechanical Engineering, Management & Reseach, Akurdi,JEE,13573.0,55.0,13469.0,55.0,45605.0,34.3267209,49280.0,26.0144965
391,Dr. D.Y.Patil Institute of Engineering,Mechanical Engineering, Management & Reseach, Akurdi,JEE,13573.0,55.0,13469.0,55.0,45605.0,34.3267209,54972.0,7.4189197
392,Dr. D.Y.Patil Institute of Engineering,Mechanical Engineering, Management & Reseach, Akurdi,JEE,13573.0,55.0,15429.0,52.0,45605.0,34.3267209,23582.0,66.0525752
393,Dr. D.Y.Patil Institute of Engineering,Mechanical Engineering, Management & Reseach, Akurdi,JEE,13573.0,55.0,15429.0,52.0,45605.0,34.3267209,49280.0,26.0144965
394,Dr. D.Y.Patil Institute of Engineering,Mechanical Engineering, Management & Reseach, Akurdi,JEE,13573.0,55.0,15429.0,52.0,45605.0,34.3267209,54972.0,7.4189197
395,Dr. D.Y.Patil Institute of Engineering,Mechanical Engineering, Management & Reseach, Akurdi,JEE,15958.0,50.0,13469.0,55.0,45605.0,34.3267209,23582.0,66.0525752
396,Dr. D.Y.Patil Institute of Engineering,Mechanical Engineering, Management & Reseach, Akurdi,JEE,15958.0,50.0,13469.0,55.0,45605.0,34.3267209,49280.0,26.0144965
397,Dr. D.Y.Patil Institute of Engineering,Mechanical Engineering, Management & Reseach, Akurdi,JEE,15958.0,50.0,13469.0,55.0,45605.0,34.3267209,54972.0,7.4189197
398,Dr. D.Y.Patil Institute of Engineering,Mechanical Engineering, Management & Reseach, Akurdi,JEE,15958.0,50.0,15429.0,52.0,45605.0,34.3267209,23582.0,66.0525752
399,Dr. D.Y.Patil Institute of Engineering,Mechanical Engineering, Management & Reseach, Akurdi,JEE,15958.0,50.0,15429.0,52.0,45605.0,34.3267209,49280.0,26.0144965
400,Dr. D.Y.Patil Institute of Engineering,Mechanical Engineering, Management & Reseach, Akurdi,JEE,15958.0,50.0,15429.0,52.0,45605.0,34.3267209,54972.0,7.4189197
401,JSPM Narhe Technical Campus,Computer Engineering, Pune.,,JEE,13634.0,55.0,13787.0,55.0,10765.0,81.673628,7393.0,86.0470773
402,Walchand Institute of Technology,Mechanical Engineering, Solapur,,JEE,13675.0,55.0,9335.0,67.0,32488.0,54.8724746,52931.0,15.9270604
403,Progressive Education Society's Modern College of Engineering,Electrical Engineering, Pune,,JEE,13788.0,55.0,16448.0,50.0,31994.0,55.9351597,37356.0,47.8236972
404,Progressive Education Society's Modern College of Engineering,Electrical Engineering, Pune,,JEE,13788.0,55.0,16448.0,50.0,31994.0,55.9351597,49995.0,24.4474919
405,Progressive Education Society's Modern College of Engineering,Electrical Engineering, Pune,,JEE,13788.0,55.0,16448.0,50.0,31994.0,55.9351597,52442.0,17.5410548
406,Progressive Education Society's Modern College of Engineering,Electrical Engineering, Pune,,JEE,13788.0,55.0,16448.0,50.0,44633.0,36.6206866,37356.0,47.8236972
407,Progressive Education Society's Modern College of Engineering,Electrical Engineering, Pune,,JEE,13788.0,55.0,16448.0,50.0,44633.0,36.6206866,49995.0,24.4474919
408,Progressive Education Society's Modern College of Engineering,Electrical Engineering, Pune,,JEE,13788.0,55.0,16448.0,50.0,44633.0,36.6206866,52442.0,17.5410548
409,Progressive Education Society's Modern College of Engineering,Electrical Engineering, Pune,,JEE,13788.0,55.0,20765.0,44.0,31994.0,55.9351597,37356.0,47.8236972
410,Progressive Education Society's Modern College of Engineering,Electrical Engineering, Pune,,JEE,13788.0,55.0,20765.0,44.0,31994.0,55.9351597,49995.0,24.4474919
411,Progressive Education Society's Modern College of Engineering,Electrical Engineering, Pune,,JEE,13788.0,55.0,20765.0,44.0,31994.0,55.9351597,52442.0,17.5410548
412,Progressive Education Society's Modern College of Engineering,Electrical Engineering, Pune,,JEE,13788.0,55.0,20765.0,44.0,44633.0,36.6206866,37356.0,47.8236972
413,Progressive Education Society's Modern College of Engineering,Electrical Engineering, Pune,,JEE,13788.0,55.0,20765.0,44.0,44633.0,36.6206866,49995.0,24.4474919
414,Progressive Education Society's Modern College of Engineering,Electrical Engineering, Pune,,JEE,13788.0,55.0,20765.0,44.0,44633.0,36.6206866,52442.0,17.5410548
415,Progressive Education Society's Modern College of Engineering,Electrical Engineering, Pune,,JEE,19922.0,45.0,16448.0,50.0,31994.0,55.9351597,37356.0,47.8236972
416,Progressive Education Society's Modern College of Engineering,Electrical Engineering, Pune,,JEE,19922.0,45.0,16448.0,50.0,31994.0,55.9351597,49995.0,24.4474919
417,Progressive Education Society's Modern College of Engineering,Electrical Engineering, Pune,,JEE,19922.0,45.0,16448.0,50.0,31994.0,55.9351597,52442.0,17.5410548
418,Progressive Education Society's Modern College of Engineering,Electrical Engineering, Pune,,JEE,19922.0,45.0,16448.0,50.0,44633.0,36.6206866,37356.0,47.8236972
419,Progressive Education Society's Modern College of Engineering,Electrical Engineering, Pune,,JEE,19922.0,45.0,16448.0,50.0,44633.0,36.6206866,49995.0,24.4474919
420,Progressive Education Society's Modern College of Engineering,Electrical Engineering, Pune,,JEE,19922.0,45.0,16448.0,50.0,44633.0,36.6206866,52442.0,17.5410548
421,Progressive Education Society's Modern College of Engineering,Electrical Engineering, Pune,,JEE,19922.0,45.0,20765.0,44.0,31994.0,55.9351597,37356.0,47.8236972
422,Progressive Education Society's Modern College of Engineering,Electrical Engineering, Pune,,JEE,19922.0,45.0,20765.0,44.0,31994.0,55.9351597,49995.0,24.4474919
423,Progressive Education Society's Modern College of Engineering,Electrical Engineering, Pune,,JEE,19922.0,45.0,20765.0,44.0,31994.0,55.9351597,52442.0,17.5410548
424,Progressive Education Society's Modern College of Engineering,Electrical Engineering, Pune,,JEE,19922.0,45.0,20765.0,44.0,44633.0,36.6206866,37356.0,47.8236972
425,Progressive Education Society's Modern College of Engineering,Electrical Engineering, Pune,,JEE,19922.0,45.0,20765.0,44.0,44633.0,36.6206866,49995.0,24.4474919
426,Progressive Education Society's Modern College of Engineering,Electrical Engineering, Pune,,JEE,19922.0,45.0,20765.0,44.0,44633.0,36.6206866,52442.0,17.5410548
427,Sinhgad College of Engineering,Civil Engineering, Vadgaon (BK), Pune,JEE,14031.0,55.0,15863.0,51.0,19566.0,70.9815068,33311.0,53.5861512
428,Sinhgad College of Engineering,Civil Engineering, Vadgaon (BK), Pune,JEE,14031.0,55.0,15863.0,51.0,19566.0,70.9815068,39227.0,45.0374181
429,Sinhgad College of Engineering,Civil Engineering, Vadgaon (BK), Pune,JEE,14031.0,55.0,15863.0,51.0,26338.0,62.7368048,33311.0,53.5861512
430,Sinhgad College of Engineering,Civil Engineering, Vadgaon (BK), Pune,JEE,14031.0,55.0,15863.0,51.0,26338.0,62.7368048,39227.0,45.0374181
431,Sinhgad College of Engineering,Civil Engineering, Vadgaon (BK), Pune,JEE,14031.0,55.0,17029.0,49.0,19566.0,70.9815068,33311.0,53.5861512
432,Sinhgad College of Engineering,Civil Engineering, Vadgaon (BK), Pune,JEE,14031.0,55.0,17029.0,49.0,19566.0,70.9815068,39227.0,45.0374181
433,Sinhgad College of Engineering,Civil Engineering, Vadgaon (BK), Pune,JEE,14031.0,55.0,17029.0,49.0,26338.0,62.7368048,33311.0,53.5861512
434,Sinhgad College of Engineering,Civil Engineering, Vadgaon (BK), Pune,JEE,14031.0,55.0,17029.0,49.0,26338.0,62.7368048,39227.0,45.0374181
435,Sinhgad College of Engineering,Civil Engineering, Vadgaon (BK), Pune,JEE,15528.0,51.0,15863.0,51.0,19566.0,70.9815068,33311.0,53.5861512
436,Sinhgad College of Engineering,Civil Engineering, Vadgaon (BK), Pune,JEE,15528.0,51.0,15863.0,51.0,19566.0,70.9815068,39227.0,45.0374181
437,Sinhgad College of Engineering,Civil Engineering, Vadgaon (BK), Pune,JEE,15528.0,51.0,15863.0,51.0,26338.0,62.7368048,33311.0,53.5861512
438,Sinhgad College of Engineering,Civil Engineering, Vadgaon (BK), Pune,JEE,15528.0,51.0,15863.0,51.0,26338.0,62.7368048,39227.0,45.0374181
439,Sinhgad College of Engineering,Civil Engineering, Vadgaon (BK), Pune,JEE,15528.0,51.0,17029.0,49.0,19566.0,70.9815068,33311.0,53.5861512
440,Sinhgad College of Engineering,Civil Engineering, Vadgaon (BK), Pune,JEE,15528.0,51.0,17029.0,49.0,19566.0,70.9815068,39227.0,45.0374181
441,Sinhgad College of Engineering,Civil Engineering, Vadgaon (BK), Pune,JEE,15528.0,51.0,17029.0,49.0,26338.0,62.7368048,33311.0,53.5861512
442,Sinhgad College of Engineering,Civil Engineering, Vadgaon (BK), Pune,JEE,15528.0,51.0,17029.0,49.0,26338.0,62.7368048,39227.0,45.0374181
443,TSSMS's Pd. Vasantdada Patil Institute of Technology,Computer Engineering, Bavdhan, Pune,JEE,14054.0,55.0,18140.0,47.0,10605.0,81.7623135,11219.0,81.0613944
444,Lokmanya Tilak Jankalyan Shikshan Sanstha,Civil Engineering, Priyadarshani College ofEngineering, Nagpur,JEE,14079.0,55.0,14079.0,55.0,25812.0,63.4977421,40716.0,42.7509914
445,Lokmanya Tilak Jankalyan Shikshan Sanstha,Civil Engineering, Priyadarshani College ofEngineering, Nagpur,JEE,14079.0,55.0,14079.0,55.0,25812.0,63.4977421,54269.0,10.7247877
446,Sinhgad Technical Education Society's Smt. Kashibai Navale College ofEngineering,Information Technology,Vadgaon,Pune,JEE,14303.0,54.0,17278.0,49.0,9252.0,83.5781296,7285.0,86.2234746
447,Ankush Shikshan Sanstha's G.H.Raisoni College of Engineering,Electrical Engineering, Nagpur,,JEE,14427.0,54.0,14747.0,53.0,21885.0,68.4444935,21130.0,69.2278304
448,Dr. D. Y. Patil School OF Engineering,Computer Engineering, Lohegaon, Pune,JEE,14496.0,54.0,16339.0,50.0,12428.0,79.5845466,10522.0,81.8931529
449,N.Y.S.S.'s Datta Meghe College of Engineering,Civil Engineering, Airoli, Navi Mumbai,JEE,14694.0,53.0,14836.0,53.0,28696.0,59.8178469,32048.0,55.7621254
450,N.Y.S.S.'s Datta Meghe College of Engineering,Civil Engineering, Airoli, Navi Mumbai,JEE,14694.0,53.0,19779.0,45.0,28696.0,59.8178469,32048.0,55.7621254
451,N.Y.S.S.'s Datta Meghe College of Engineering,Civil Engineering, Airoli, Navi Mumbai,JEE,18228.0,47.0,14836.0,53.0,28696.0,59.8178469,32048.0,55.7621254
452,N.Y.S.S.'s Datta Meghe College of Engineering,Civil Engineering, Airoli, Navi Mumbai,JEE,18228.0,47.0,19779.0,45.0,28696.0,59.8178469,32048.0,55.7621254
453,Kolhapur Institute of Technology's College of Engineering(Autonomous),Civil Engineering,Kolhapur,,JEE,14784.0,53.0,9100.0,67.0,26715.0,62.1723066,27152.0,61.7967833
454,Vidyavardhini's College of Engineering and Technology,Civil Engineering, Vasai,,JEE,14860.0,53.0,15489.0,52.0,30414.0,57.4239924,33130.0,53.6964731
455,Walchand Institute of Technology,Civil Engineering, Solapur,,JEE,15536.0,51.0,15604.0,51.0,9154.0,83.7000641,9127.0,83.7000641
456,Bharati Vidyapeeth's College of Engineering,Civil Engineering,Lavale, Pune,JEE,15542.0,51.0,20653.0,44.0,38998.0,45.5906789,26546.0,62.6356061
457,Bharati Vidyapeeth's College of Engineering,Civil Engineering,Lavale, Pune,JEE,15542.0,51.0,20653.0,44.0,38998.0,45.5906789,43868.0,37.75596
458,Jawahar Education Society's Annasaheb Chudaman Patil College ofEngineering,Information Technology,Kharghar, Navi Mumbai,JEE,15676.0,51.0,17557.0,48.0,18561.0,72.0753904,17852.0,72.9248644
459,N.Y.S.S.'s Datta Meghe College of Engineering,Chemical Engineering, Airoli, Navi Mumbai,JEE,15760.0,51.0,16875.0,50.0,32343.0,55.501039,15540.0,75.8074167
460,N.Y.S.S.'s Datta Meghe College of Engineering,Chemical Engineering, Airoli, Navi Mumbai,JEE,15760.0,51.0,16875.0,50.0,32343.0,55.501039,37943.0,47.2195101
461,N.Y.S.S.'s Datta Meghe College of Engineering,Chemical Engineering, Airoli, Navi Mumbai,JEE,15760.0,51.0,16875.0,50.0,32343.0,55.501039,51609.0,20.2468881
462,JSPM'S Jaywantrao Sawant College of Engineering,Information Technology,Pune,,JEE,15792.0,51.0,17862.0,48.0,9815.0,82.8349555,9766.0,82.8549045
463,New Horizon Institute of Technology & Management,Computer Engineering, Thane,,JEE,15897.0,51.0,18429.0,47.0,20882.0,69.5191252,19098.0,71.3897523
464,R. C. Patel Institute of Technology,Civil Engineering, Shirpur,,JEE,15938.0,51.0,27779.0,36.0,26690.0,62.1723066,32074.0,55.6161188
465,Sinhagad Institute of Technology,Computer Engineering, Lonavala,,JEE,16337.0,50.0,21742.0,42.0,14444.0,77.1536909,15923.0,75.3232443
466,Sinhagad Institute of Technology,Computer Engineering, Lonavala,,JEE,16337.0,50.0,21742.0,42.0,14444.0,77.1536909,17934.0,72.8887969
467,Sinhagad Institute of Technology,Computer Engineering, Lonavala,,JEE,16337.0,50.0,21742.0,42.0,16492.0,74.8831752,15923.0,75.3232443
468,Sinhagad Institute of Technology,Computer Engineering, Lonavala,,JEE,16337.0,50.0,21742.0,42.0,16492.0,74.8831752,17934.0,72.8887969
469,Sinhagad Institute of Technology,Computer Engineering, Lonavala,,JEE,16337.0,50.0,29039.0,35.0,14444.0,77.1536909,15923.0,75.3232443
470,Sinhagad Institute of Technology,Computer Engineering, Lonavala,,JEE,16337.0,50.0,29039.0,35.0,14444.0,77.1536909,17934.0,72.8887969
471,Sinhagad Institute of Technology,Computer Engineering, Lonavala,,JEE,16337.0,50.0,29039.0,35.0,16492.0,74.8831752,15923.0,75.3232443
472,Sinhagad Institute of Technology,Computer Engineering, Lonavala,,JEE,16337.0,50.0,29039.0,35.0,16492.0,74.8831752,17934.0,72.8887969
473,Sinhagad Institute of Technology,Computer Engineering, Lonavala,,JEE,18284.0,47.0,21742.0,42.0,14444.0,77.1536909,15923.0,75.3232443
474,Sinhagad Institute of Technology,Computer Engineering, Lonavala,,JEE,18284.0,47.0,21742.0,42.0,14444.0,77.1536909,17934.0,72.8887969
475,Sinhagad Institute of Technology,Computer Engineering, Lonavala,,JEE,18284.0,47.0,21742.0,42.0,16492.0,74.8831752,15923.0,75.3232443
476,Sinhagad Institute of Technology,Computer Engineering, Lonavala,,JEE,18284.0,47.0,21742.0,42.0,16492.0,74.8831752,17934.0,72.8887969
477,Sinhagad Institute of Technology,Computer Engineering, Lonavala,,JEE,18284.0,47.0,29039.0,35.0,14444.0,77.1536909,15923.0,75.3232443
478,Sinhagad Institute of Technology,Computer Engineering, Lonavala,,JEE,18284.0,47.0,29039.0,35.0,14444.0,77.1536909,17934.0,72.8887969
479,Sinhagad Institute of Technology,Computer Engineering, Lonavala,,JEE,18284.0,47.0,29039.0,35.0,16492.0,74.8831752,15923.0,75.3232443
480,Sinhagad Institute of Technology,Computer Engineering, Lonavala,,JEE,18284.0,47.0,29039.0,35.0,16492.0,74.8831752,17934.0,72.8887969
481,Universal College of Engineering,Computer Engineering,Kaman Dist. Palghar,,JEE,16429.0,50.0,16107.0,50.0,17115.0,73.9255885,15771.0,75.5208082
482,ST. Vincent Pallotti College of Engineering & Technology,Electrical Engineering, Nagpur,,JEE,16435.0,50.0,19274.0,45.0,26989.0,61.8068601,27360.0,61.4689324
483,Marathwada Mitra Mandal's Institute of Technology,Computer Engineering, Lohgaon, Pune,JEE,16454.0,50.0,17698.0,48.0,15274.0,76.0101923,15402.0,75.9503111
484,Amrutvahini Sheti & Shikshan Vikas Sanstha's Amrutvahini College ofEngineering,Computer Engineering, Sangamner,,JEE,16465.0,50.0,13733.0,55.0,10692.0,81.707368,4216.0,90.7708248
485,Kolhapur Institute of Technology's College of Engineering(Autonomous),Electrical Engineering,Kolhapur,,JEE,16499.0,50.0,17261.0,49.0,24817.0,64.5685027,23729.0,65.9403631
486,G.H.Raisoni College of Engineering & Management,Civil Engineering, Wagholi, Pune,JEE,16699.0,50.0,19429.0,45.0,15386.0,75.9503111,46078.0,33.254018
487,Dr. D.Y.Patil Institute of Engineering,Civil Engineering, Management & Reseach, Akurdi,JEE,16753.0,50.0,13008.0,57.0,38001.0,47.1462961,53401.0,14.226675
488,G. S. Mandal's Maharashtra Institute of Technology,Agricultural Engineering, Aurangabad,,JEE,16818.0,50.0,15631.0,51.0,19200.0,71.3023665,29020.0,59.368952
489,Mahatma Gandhi Missions College of Engineering,Civil Engineering, Hingoli Rd, Nanded.,JEE,16937.0,49.0,16867.0,50.0,40820.0,42.4413035,4625.0,90.1726194
490,Mahatma Gandhi Missions College of Engineering,Civil Engineering, Hingoli Rd, Nanded.,JEE,16937.0,49.0,16867.0,50.0,40820.0,42.4413035,46942.0,31.6266886
491,Sinhgad College of Engineering,Bio Technology, Vadgaon (BK), Pune,JEE,16954.0,49.0,21660.0,43.0,25140.0,63.9025795,51705.0,19.9287396
492,Ideal Institute of Technology,Computer Engineering, Wada, Dist.Thane,JEE,17217.0,49.0,22456.0,41.0,49243.0,26.2649485,41933.0,40.7796198
493,Ideal Institute of Technology,Computer Engineering, Wada, Dist.Thane,JEE,17217.0,49.0,22456.0,41.0,49243.0,26.2649485,47126.0,31.5668267
494,Atharva College of Engineering,Electronics Engineering,Malad(West),Mumbai,JEE,17308.0,49.0,20621.0,44.0,42817.0,39.3730397,29449.0,58.8897151
495,Atharva College of Engineering,Electronics Engineering,Malad(West),Mumbai,JEE,17308.0,49.0,20621.0,44.0,42817.0,39.3730397,52183.0,18.46003
496,Shivajirao S. Jondhale College of Engineering,Computer Engineering, Dombivali,Mumbai,JEE,17772.0,48.0,22002.0,42.0,19679.0,70.9226452,21698.0,68.596806
497,Shivajirao S. Jondhale College of Engineering,Information Technology, Dombivali,Mumbai,JEE,18002.0,47.0,20893.0,44.0,21880.0,68.4444935,28987.0,59.368952
498,Annasaheb Dange College of Engineering and Technology,Civil Engineering, Ashta, Sangli,JEE,18024.0,47.0,18273.0,47.0,42015.0,40.7696398,16245.0,75.0900995
499,All India Shri Shivaji Memorial Society's Institute of InformationTechnology,Electrical Engineering,Pune,,JEE,18210.0,47.0,15313.0,52.0,33427.0,53.5743091,28465.0,60.1371142
500,D.Y. Patil College of Engineering and Technology,Chemical Engineering, Kolhapur,,JEE,18263.0,47.0,20318.0,45.0,26382.0,62.7368048,50895.0,22.3648508
501,Lokmanya Tilak Jankalyan Shikshan Sanstha,Information Technology, Priyadarshani College ofEngineering, Nagpur,JEE,18899.0,46.0,13473.0,55.0,16515.0,74.8024546,16520.0,74.8024546
502,Yeshwantrao Chavan College of Engineering,Electronics Engineering,Wanadongri, Nagpur,JEE,18920.0,46.0,13365.0,56.0,22509.0,67.287223,13130.0,78.7086899
503,Kolhapur Institute of Technology's College of Engineering(Autonomous),Bio Technology,Kolhapur,,JEE,19109.0,46.0,25605.0,38.0,12701.0,79.2999634,37655.0,47.3984733
504,Sinhagad Institute of Technology,Information Technology, Lonavala,,JEE,19402.0,45.0,29021.0,35.0,19790.0,70.5058095,18456.0,72.1964411
505,Terna Engineering College,Civil Engineering, Nerul, Navi Mumbai,JEE,19584.0,45.0,19378.0,45.0,31533.0,56.1054739,40357.0,43.1743514
506,Amrutvahini Sheti & Shikshan Vikas Sanstha's Amrutvahini College ofEngineering,Information Technology, Sangamner,,JEE,19863.0,45.0,20788.0,44.0,12020.0,80.2950778,12296.0,79.7610105
507,Pravara Rural College of Engineering,Computer Engineering, Loni, Pravaranagar,JEE,20287.0,45.0,26260.0,37.0,13752.0,77.9127753,14742.0,76.7218886
508,G. H.Raisoni Institute of Engineering and Technology,Mechanical Engineering, Wagholi, Pune,JEE,21525.0,43.0,50621.0,17.0,55323.0,5.4054919,32610.0,54.6228743
509,Amrutvahini Sheti & Shikshan Vikas Sanstha's Amrutvahini College ofEngineering,Mechanical Engineering, Sangamner,,JEE,21649.0,43.0,17783.0,48.0,38526.0,46.217723,15090.0,76.4228752
510,NBN Sinhgad Technical Institutes Campus,Computer Engineering, Pune,,JEE,21758.0,42.0,29520.0,34.0,13727.0,77.9127753,9667.0,83.0211088
511,Priyadarshini Bhagwati  College of Engineering,Information Technology, Harpur Nagar, UmredRoad,JEE,21943.0,42.0,45887.0,21.0,17948.0,72.8887969,22098.0,68.130492
512,Priyadarshini Bhagwati  College of Engineering,Information Technology, Harpur Nagar, UmredRoad,JEE,21943.0,42.0,61939.0,8.0,17948.0,72.8887969,22098.0,68.130492
513,Amrutvahini Sheti & Shikshan Vikas Sanstha's Amrutvahini College ofEngineering,Civil Engineering, Sangamner,,JEE,22045.0,42.0,19379.0,45.0,53090.0,15.2992116,44172.0,37.2476388
514,Sinhgad Technical Education Society's Smt. Kashibai Navale College ofEngineering,Mechanical Engineering,Vadgaon,Pune,JEE,22757.0,41.0,34745.0,30.0,49218.0,26.2649485,36639.0,48.8733653
515,Sinhgad Technical Education Society's Smt. Kashibai Navale College ofEngineering,Mechanical Engineering,Vadgaon,Pune,JEE,22757.0,41.0,34745.0,30.0,49402.0,25.8496658,36639.0,48.8733653
516,Sinhgad Technical Education Society's Smt. Kashibai Navale College ofEngineering,Mechanical Engineering,Vadgaon,Pune,JEE,22757.0,41.0,52379.0,16.0,49218.0,26.2649485,36639.0,48.8733653
517,Sinhgad Technical Education Society's Smt. Kashibai Navale College ofEngineering,Mechanical Engineering,Vadgaon,Pune,JEE,22757.0,41.0,52379.0,16.0,49402.0,25.8496658,36639.0,48.8733653
518,Sinhgad Technical Education Society's Smt. Kashibai Navale College ofEngineering,Mechanical Engineering,Vadgaon,Pune,JEE,29818.0,34.0,34745.0,30.0,49218.0,26.2649485,36639.0,48.8733653
519,Sinhgad Technical Education Society's Smt. Kashibai Navale College ofEngineering,Mechanical Engineering,Vadgaon,Pune,JEE,29818.0,34.0,34745.0,30.0,49402.0,25.8496658,36639.0,48.8733653
520,Sinhgad Technical Education Society's Smt. Kashibai Navale College ofEngineering,Mechanical Engineering,Vadgaon,Pune,JEE,29818.0,34.0,52379.0,16.0,49218.0,26.2649485,36639.0,48.8733653
521,Sinhgad Technical Education Society's Smt. Kashibai Navale College ofEngineering,Mechanical Engineering,Vadgaon,Pune,JEE,29818.0,34.0,52379.0,16.0,49402.0,25.8496658,36639.0,48.8733653
522,Chhartrapati Shivaji Maharaj Institute of Technology,Computer Engineering, Shedung, Panvel,JEE,23016.0,41.0,29055.0,35.0,25049.0,63.9247764,45665.0,34.0443709
523,A. P. Shah Institute of Technology,Civil Engineering, Thane,,JEE,23028.0,41.0,45272.0,21.0,49363.0,25.9994074,48075.0,29.1226617
524,Haji Jamaluddin Thim Trust's Theem College of Engineering,Computer Engineering, At. VillegeBetegaon, Boisar,JEE,23056.0,41.0,25089.0,39.0,24550.0,64.908509,31479.0,56.1054739
525,Keystone School of Engineering,Computer Engineering, Pune,,JEE,23147.0,40.0,33576.0,30.0,23882.0,65.7479355,25396.0,63.8282598
526,Vighnaharata Trust's  Shivajirao S. Jondhale College of Engineering &Technology,Computer Engineering, Shahapur, Asangaon,JEE,23235.0,40.0,31339.0,33.0,41816.0,41.1445071,55863.0,0.9262022
527,Lokmanya Tilak Jankalyan Shikshan Sanstha,Mechanical Engineering, Priyadarshani College ofEngineering, Nagpur,JEE,23616.0,40.0,39498.0,25.0,54810.0,8.1375507,50123.0,24.1327066
528,Lokmanya Tilak Jankalyan Shikshan Sanstha,Mechanical Engineering, Priyadarshani College ofEngineering, Nagpur,JEE,23616.0,40.0,40538.0,25.0,54810.0,8.1375507,50123.0,24.1327066
529,Lokmanya Tilak Jankalyan Shikshan Sanstha,Mechanical Engineering, Priyadarshani College ofEngineering, Nagpur,JEE,23616.0,40.0,62467.0,8.0,54810.0,8.1375507,50123.0,24.1327066
530,Lokmanya Tilak Jankalyan Shikshan Sanstha,Mechanical Engineering, Priyadarshani College ofEngineering, Nagpur,JEE,23616.0,40.0,64024.0,6.0,54810.0,8.1375507,50123.0,24.1327066
531,Lokmanya Tilak Jankalyan Shikshan Sanstha,Mechanical Engineering, Priyadarshani College ofEngineering, Nagpur,JEE,34921.0,30.0,39498.0,25.0,54810.0,8.1375507,50123.0,24.1327066
532,Lokmanya Tilak Jankalyan Shikshan Sanstha,Mechanical Engineering, Priyadarshani College ofEngineering, Nagpur,JEE,34921.0,30.0,40538.0,25.0,54810.0,8.1375507,50123.0,24.1327066
533,Lokmanya Tilak Jankalyan Shikshan Sanstha,Mechanical Engineering, Priyadarshani College ofEngineering, Nagpur,JEE,34921.0,30.0,62467.0,8.0,54810.0,8.1375507,50123.0,24.1327066
534,Lokmanya Tilak Jankalyan Shikshan Sanstha,Mechanical Engineering, Priyadarshani College ofEngineering, Nagpur,JEE,34921.0,30.0,64024.0,6.0,54810.0,8.1375507,50123.0,24.1327066
535,Genba Sopanrao Moze Trust Parvatibai Genba Moze College ofEngineering,Computer Engineering,Wagholi, Pune,JEE,23666.0,40.0,32115.0,32.0,17993.0,72.8887969,21769.0,68.5455926
536,Lokmanya Tilak Jankalyan Shikshan Sanstha's ,Information Technology, Priyadarshini Institute ofEngineering and Technology, Nagpur,JEE,23758.0,40.0,67226.0,2.0,14344.0,77.3008521,22057.0,68.130492
537,Pravara Rural College of Engineering,Information Technology, Loni, Pravaranagar,JEE,24324.0,40.0,28682.0,35.0,15709.0,75.6240321,16809.0,74.4130597
538,Haji Jamaluddin Thim Trust's Theem College of Engineering,Information Technology, At. VillegeBetegaon, Boisar,JEE,24326.0,40.0,34154.0,30.0,47468.0,30.4835081,49902.0,24.5298782
539,Haji Jamaluddin Thim Trust's Theem College of Engineering,Information Technology, At. VillegeBetegaon, Boisar,JEE,24326.0,40.0,34154.0,30.0,47468.0,30.4835081,55460.0,4.3596383
540,Prof. Ram Meghe Institute of Technology & Research,Information Technology, Amravati,,JEE,24334.0,40.0,11880.0,60.0,27110.0,61.7967833,18586.0,72.0753904
541,Rasiklal M. Dhariwal Sinhgad Technical Institutes Campus,Computer Engineering, Warje, Pune.,JEE,24898.0,39.0,33587.0,30.0,17998.0,72.8849174,12703.0,79.2999634
542,R. C. Patel Institute of Technology,Electrical Engineering, Shirpur,,JEE,24941.0,39.0,24670.0,39.0,28206.0,60.2733485,34113.0,52.332402
543,R. C. Patel Institute of Technology,Mechanical Engineering, Shirpur,,JEE,25660.0,38.0,61421.0,9.0,30391.0,57.4239924,52098.0,18.6441397
544,R. C. Patel Institute of Technology,Mechanical Engineering, Shirpur,,JEE,31219.0,33.0,61421.0,9.0,30391.0,57.4239924,52098.0,18.6441397
545,Lokmanya Tilak Jankalyan Shikshan Sanstha's ,Electrical Engineering, Priyadarshini Institute ofEngineering and Technology, Nagpur,JEE,25743.0,38.0,66260.0,4.0,53451.0,14.2187036,21500.0,68.7138181
546,Anantrao Pawar College of Engineering & Research,Computer Engineering, Pune,,JEE,25764.0,38.0,28999.0,35.0,21478.0,68.7138181,17196.0,73.9036466
547,Deogiri Institute of Engineering and Management Studies,Mechanical Engineering, Aurangabad,,JEE,26088.0,38.0,30045.0,34.0,40743.0,42.4413035,21143.0,69.2200654
548,Deogiri Institute of Engineering and Management Studies,Mechanical Engineering, Aurangabad,,JEE,26088.0,38.0,30045.0,34.0,40743.0,42.4413035,49701.0,24.8477503
549,Sir Shantilal Badjate Charitable Trust's S. B. Jain Institute of technology,Electrical Engineering,Management & Research, Nagpur,JEE,26408.0,37.0,62056.0,8.0,48810.0,27.365224,42389.0,40.2834867
550,Sir Shantilal Badjate Charitable Trust's S. B. Jain Institute of technology,Electrical Engineering,Management & Research, Nagpur,JEE,26408.0,37.0,62056.0,8.0,48810.0,27.365224,52154.0,18.46003
551,Konkan Gyanpeeth College of Engineering,Computer Engineering, Karjat,,JEE,26975.0,36.0,30232.0,34.0,41437.0,41.7292723,43504.0,38.6050233
552,JSPM'S Jaywantrao Sawant College of Engineering,Electrical Engineering,Pune,,JEE,27740.0,36.0,29434.0,35.0,48980.0,27.1112503,54098.0,11.2974404
553,Marathwada Mitra Mandal's College of Engineering,Electrical Engineering, Karvenagar, Pune,JEE,27881.0,35.0,25379.0,38.0,49963.0,24.4474919,24382.0,64.9291194
554,Rajiv Gandhi College of Engineering Research & Technology  Chandrapur,Mining Engineering,,,JEE,28524.0,35.0,43699.0,22.0,24668.0,64.8959321,26327.0,62.7368048
555,Rajiv Gandhi College of Engineering Research & Technology  Chandrapur,Mining Engineering,,,JEE,28524.0,35.0,43699.0,22.0,24668.0,64.8959321,27978.0,60.6136506
556,Rajiv Gandhi College of Engineering Research & Technology  Chandrapur,Mining Engineering,,,JEE,28524.0,35.0,43699.0,22.0,24668.0,64.8959321,34543.0,52.0532427
557,Rajiv Gandhi College of Engineering Research & Technology  Chandrapur,Mining Engineering,,,JEE,28524.0,35.0,43699.0,22.0,24668.0,64.8959321,40503.0,43.046287
558,Rajiv Gandhi College of Engineering Research & Technology  Chandrapur,Mining Engineering,,,JEE,28524.0,35.0,43699.0,22.0,24668.0,64.8959321,51813.0,19.8018924
559,NBN Sinhgad Technical Institutes Campus,Information Technology, Pune,,JEE,29014.0,35.0,39075.0,26.0,16653.0,74.7839723,9843.0,82.75399
560,Genba Sopanrao Moze College of Engineering,Computer Engineering, Baner-Balewadi, Pune,JEE,29860.0,34.0,30147.0,34.0,18913.0,71.8911882,20013.0,70.3754081
561,Annasaheb Dange College of Engineering and Technology,Electrical Engineering, Ashta, Sangli,JEE,29937.0,34.0,34664.0,30.0,52754.0,16.2220645,47305.0,30.9271445
562,S.S.P.M.'s College of Engineering,Computer Engineering, Kankavli,,JEE,30757.0,33.0,43394.0,23.0,46976.0,31.6266886,48161.0,29.007862
563,SKN Sinhgad Institute of Technology & Science,Information Technology, Kusgaon(BK),Pune.,JEE,31133.0,33.0,38212.0,27.0,23053.0,66.7783253,20580.0,70.0394263
564,Gharda Foundation's Gharda Institute of Technology,Chemical Engineering,Khed, Ratnagiri,JEE,31248.0,33.0,52841.0,15.0,17482.0,73.42602,20086.0,70.3751491
565,P.K. Technical Campus,Computer Engineering, Pune.,,JEE,31350.0,33.0,53174.0,15.0,28516.0,60.0851338,46973.0,31.6266886
566,Rasiklal M. Dhariwal Sinhgad Technical Institutes Campus,Information Technology, Warje, Pune.,JEE,32564.0,31.0,34463.0,30.0,21545.0,68.687192,16356.0,74.9989387
567,Konkan Gyanpeeth College of Engineering,Information Technology, Karjat,,JEE,32847.0,31.0,43763.0,22.0,44944.0,35.430986,49063.0,27.0556522
568,Universal College of Engineering & Research,Computer Engineering, Sasewadi,,JEE,33022.0,31.0,62604.0,7.0,27172.0,61.736534,50951.0,21.7803754
569,N.Y.S.S.'s Datta Meghe College of Engineering,Electronics Engineering, Airoli, Navi Mumbai,JEE,33524.0,30.0,42647.0,23.0,50639.0,22.7953366,40435.0,43.1388868
570,Ankush Shikshan Sanstha's G.H.Raisoni College of Engineering,Electronics Engineering, Nagpur,,JEE,33964.0,30.0,32195.0,32.0,23600.0,66.0143085,18997.0,71.4568669
571,SKN Sinhgad Institute of Technology & Science,Computer Engineering, Kusgaon(BK),Pune.,JEE,34360.0,30.0,42704.0,23.0,20540.0,70.0402566,23346.0,66.2619983
572,Matoshri College of Engineering and Research Centre,Computer Engineering, Eklahare, Nashik,JEE,34633.0,30.0,47436.0,20.0,26064.0,63.2129688,36014.0,50.1760245
573,K.D.K. College of Engineering,Information Technology, Nagpur,,JEE,34814.0,30.0,47561.0,20.0,28340.0,60.1411398,25844.0,63.4810593
574,Jaihind College Of Engineering,Computer Engineering,Kuran,,JEE,35894.0,29.0,53924.0,15.0,27789.0,60.9283224,39553.0,44.4405329
575,KJEI's Trinity Academy of Engineering,Computer Engineering, Yewalewadi, Pune,JEE,37606.0,27.0,39402.0,25.0,21675.0,68.596806,22976.0,67.0027134
576,Kavi Kulguru Institute of Technology & Science,Computer Technology, Ramtek,,JEE,39346.0,25.0,61163.0,9.0,29606.0,58.6924683,39167.0,45.0374181
577,Amrutvahini Sheti & Shikshan Vikas Sanstha's Amrutvahini College ofEngineering,Electronics Engineering, Sangamner,,JEE,40626.0,25.0,34586.0,30.0,46572.0,32.0485446,48336.0,28.8380421
578,Kalyani Charitable Trust,Computer Engineering, Late Gambhirrao Natuba Sapkal College ofEngineering, Anjaneri,JEE,44133.0,22.0,56525.0,13.0,36181.0,50.0065467,37444.0,47.5540513
579,Anantrao Pawar College of Engineering & Research,Information Technology, Pune,,JEE,46220.0,20.0,48819.0,19.0,32393.0,55.4845927,25806.0,63.4977421
580,Smt. Indira Gandhi College of Engineering,Electrical Engineering, Navi Mumbai,,JEE,46229.0,20.0,66656.0,3.0,50620.0,22.7953366,37072.0,48.5331918
581,Shri. Ambabai Talim Sanstha's Sanjay Bhokare Group of Institutes,Computer Engineering, Miraj,,JEE,46367.0,20.0,55446.0,14.0,46266.0,32.6665943,54934.0,7.5047776
582,Mahatma Gandhi Missions College of Engineering,Information Technology, Hingoli Rd, Nanded.,JEE,46737.0,20.0,37594.1,27.0,31570.0,56.094761,25534.0,63.7897492
583,Gharda Foundation's Gharda Institute of Technology,Computer Engineering,Khed, Ratnagiri,JEE,47126.0,20.0,47603.0,20.0,33695.0,53.2188173,42831.0,39.3730397
584,Jawaharlal Darda Institute of Engineering and Technology,Mechanical Engineering, Yavatmal,,JEE,48273.0,19.0,61256.0,9.0,44335.0,37.1005644,49309.0,25.9994074
585,B.R. Harne College of Engineering & Technology,Computer Engineering, Karav, Tal-Ambernath.,JEE,48538.0,19.0,60128.0,10.0,51476.0,21.2197142,25029.0,64.1045808
586,M.S. Bidve Engineering College,Information Technology, Latur,,JEE,49844.0,18.0,53706.0,15.0,38472.0,46.6043774,33148.0,53.6964731
587,Genba Sopanrao Moze College of Engineering,Information Technology, Baner-Balewadi, Pune,JEE,51186.0,17.0,61366.0,9.0,31244.0,56.1196908,25566.0,63.7496286
588,Suryodaya College of Engineering & Technology,Computer Engineering, Nagpur,,JEE,52734.0,16.0,65499.0,5.0,50681.0,22.7914682,31937.0,55.9351597
589,Vidya Niketan College of Engineering,Computer Engineering, Bota Sangamner,,JEE,53924.0,15.0,34569.0,30.0,41905.0,40.8759878,44047.0,37.2637537
590,K.J.'s Educational Institute's K.J.College of Engineering & ManagementResearch,Computer Engineering, Pisoli,,JEE,57928.0,12.0,67766.0,1.0,35441.0,50.496325,28103.0,60.374472
591,Nanasaheb Mahadik College of Engineering,Electrical Engineering,Walwa, Sangli.,MHTCET,97760.0,52.0,102555.0,46.0,88732.0,18.3983482,89309.0,16.6127829
